csv,nodes,edges,coverage_pct,intra_team_pct,dist_mean,dist_median,dist_p95,top_pairs,nx_path
En Directo Arsenal 0-0 Everton - Premier League 2024_2025.csv,29,267,100.0,100.0,18.67,15.44,44.94,361822->334087 w=15 p=1.00; 334087->361822 w=14 p=1.00; 361822->238940 w=12 p=1.00,data\processed\passes_En_Directo_Arsenal_0-0_Everton_-_Premier_League_2024_2025.gpickle
En Directo Arsenal 0-1 West Ham - Premier League 2024_2025.csv,28,254,100.0,100.0,17.91,15.33,43.67,361822->388650 w=21 p=1.00; 238940->247454 w=16 p=0.94; 361822->247454 w=14 p=1.00,data\processed\passes_En_Directo_Arsenal_0-1_West_Ham_-_Premier_League_2024_2025.gpickle
En Directo Arsenal 1-0 Chelsea - Premier League 2024_2025.csv,29,266,100.0,100.0,18.36,16.15,41.63,421351->365406 w=15 p=1.00; 361822->276366 w=10 p=0.90; 365406->363496 w=10 p=0.90,data\processed\passes_En_Directo_Arsenal_1-0_Chelsea_-_Premier_League_2024_2025.gpickle
En Directo Arsenal 1-0 Newcastle - Premier League 2024_2025.csv,30,234,100.0,100.0,18.7,16.02,43.48,415174->82277 w=11 p=0.82; 343501->82726 w=9 p=0.67; 338780->141486 w=8 p=1.00,data\processed\passes_En_Directo_Arsenal_1-0_Newcastle_-_Premier_League_2024_2025.gpickle
En Directo Arsenal 1-1 Brentford - Premier League 2024_2025.csv,31,270,100.0,100.0,19.01,16.25,46.03,361822->424462 w=13 p=1.00; 424462->361822 w=13 p=1.00; 106968->361822 w=10 p=0.70,data\processed\passes_En_Directo_Arsenal_1-1_Brentford_-_Premier_League_2024_2025.gpickle
En Directo Arsenal 1-1 Brighton - Premier League 2024_2025.csv,30,237,100.0,100.0,18.49,15.38,44.15,86441->469629 w=17 p=1.00; 365402->86441 w=15 p=1.00; 469629->86441 w=15 p=0.73,data\processed\passes_En_Directo_Arsenal_1-1_Brighton_-_Premier_League_2024_2025.gpickle
En Directo Arsenal 1-2 Bournemouth - Premier League 2024_2025.csv,30,247,100.0,100.0,16.54,14.19,33.4,468852->424273 w=11 p=0.55; 113880->468852 w=11 p=1.00; 361822->238940 w=10 p=0.80,data\processed\passes_En_Directo_Arsenal_1-2_Bournemouth_-_Premier_League_2024_2025.gpickle
En Directo Arsenal 2-0 Manchester United - Premier League 2024_2025.csv,30,234,100.0,100.0,17.89,15.0,41.01,361822->238940 w=15 p=1.00; 273257->424462 w=15 p=0.87; 424462->273257 w=14 p=0.93,data\processed\passes_En_Directo_Arsenal_2-0_Manchester_United_-_Premier_League_2024_2025.gpickle
En Directo Arsenal 2-0 Wolves - Premier League 2024_2025.csv,30,239,100.0,100.0,18.72,16.31,43.66,431283->122714 w=14 p=0.93; 355401->431283 w=13 p=0.85; 425060->431283 w=10 p=1.00,data\processed\passes_En_Directo_Arsenal_2-0_Wolves_-_Premier_League_2024_2025.gpickle
En Directo Arsenal 2-1 Fulham - Premier League 2024_2025.csv,30,251,100.0,100.0,18.01,15.93,39.39,231135->333182 w=14 p=1.00; 333182->321020 w=11 p=1.00; 231135->92173 w=10 p=0.90,data\processed\passes_En_Directo_Arsenal_2-1_Fulham_-_Premier_League_2024_2025.gpickle
En Directo Arsenal 2-1 Tottenham - Premier League 2024_2025.csv,29,233,100.0,100.0,18.05,15.61,40.86,429922->362219 w=24 p=0.92; 362219->429922 w=19 p=1.00; 429922->457006 w=19 p=1.00,data\processed\passes_En_Directo_Arsenal_2-1_Tottenham_-_Premier_League_2024_2025.gpickle
En Directo Arsenal 2-2 Aston Villa - Premier League 2024_2025.csv,27,221,100.0,100.0,18.06,15.61,39.49,388650->332325 w=13 p=1.00; 334087->113994 w=11 p=0.91; 238940->247454 w=11 p=0.64,data\processed\passes_En_Directo_Arsenal_2-2_Aston_Villa_-_Premier_League_2024_2025.gpickle
En Directo Arsenal 2-2 Crystal Palace - Premier League 2024_2025.csv,29,234,100.0,100.0,18.41,16.26,35.95,361822->424462 w=29 p=1.00; 424462->361822 w=26 p=1.00; 388650->361822 w=22 p=0.95,data\processed\passes_En_Directo_Arsenal_2-2_Crystal_Palace_-_Premier_League_2024_2025.gpickle
En Directo Arsenal 3-0 Nottingham Forest - Premier League 2024_2025.csv,31,281,100.0,100.0,19.07,15.93,49.5,361822->334087 w=19 p=1.00; 334087->361822 w=14 p=1.00; 315543->105172 w=14 p=0.71,data\processed\passes_En_Directo_Arsenal_3-0_Nottingham_Forest_-_Premier_League_2024_2025.gpickle
En Directo Arsenal 4-2 Leicester - Premier League 2024_2025.csv,29,224,100.0,100.0,18.02,15.52,41.17,332325->367185 w=15 p=0.60; 238940->388650 w=14 p=1.00; 238940->334087 w=14 p=0.86,data\processed\passes_En_Directo_Arsenal_4-2_Leicester_-_Premier_League_2024_2025.gpickle
En Directo Arsenal 5-1 Manchester City - Premier League 2024_2025.csv,28,217,100.0,100.0,16.37,14.0,39.65,334087->276366 w=13 p=0.92; 238940->334087 w=13 p=0.92; 361822->276366 w=11 p=1.00,data\processed\passes_En_Directo_Arsenal_5-1_Manchester_City_-_Premier_League_2024_2025.gpickle
En Directo Aston Villa 0-2 Arsenal - Premier League 2024_2025.csv,30,242,100.0,100.0,17.57,14.38,41.5,102248->301440 w=16 p=0.88; 361822->334087 w=14 p=1.00; 334087->361822 w=13 p=1.00,data\processed\passes_En_Directo_Aston_Villa_0-2_Arsenal_-_Premier_League_2024_2025.gpickle
En Directo Aston Villa 1-0 Fulham - Premier League 2024_2025.csv,32,244,100.0,100.0,19.97,16.66,45.69,231135->396976 w=15 p=0.93; 92173->396976 w=12 p=1.00; 396976->297395 w=11 p=0.82,data\processed\passes_En_Directo_Aston_Villa_1-0_Fulham_-_Premier_League_2024_2025.gpickle
En Directo Aston Villa 1-0 Southampton - Premier League 2024_2025.csv,30,257,100.0,100.0,18.41,15.36,41.57,301440->134984 w=16 p=1.00; 134984->301440 w=14 p=0.93; 148474->384061 w=11 p=1.00,data\processed\passes_En_Directo_Aston_Villa_1-0_Southampton_-_Premier_League_2024_2025.gpickle
En Directo Aston Villa 1-1 Ipswich - Premier League 2024_2025.csv,29,243,100.0,100.0,17.64,15.28,37.45,318449->136345 w=18 p=1.00; 318449->469329 w=18 p=0.83; 384134->300299 w=15 p=0.93,data\processed\passes_En_Directo_Aston_Villa_1-1_Ipswich_-_Premier_League_2024_2025.gpickle
En Directo Aston Villa 1-1 West Ham - Premier League 2024_2025.csv,31,262,100.0,100.0,18.19,15.33,40.46,89925->384134 w=13 p=0.92; 111372->331924 w=11 p=0.91; 136345->384134 w=10 p=0.90,data\processed\passes_En_Directo_Aston_Villa_1-1_West_Ham_-_Premier_League_2024_2025.gpickle
En Directo Aston Villa 2-0 Tottenham - Premier League 2024_2025.csv,30,240,100.0,100.0,17.15,14.63,39.58,344259->301440 w=19 p=1.00; 301440->344259 w=15 p=1.00; 384134->344259 w=14 p=1.00,data\processed\passes_En_Directo_Aston_Villa_2-0_Tottenham_-_Premier_League_2024_2025.gpickle
En Directo Aston Villa 2-1 Chelsea - Premier League 2024_2025.csv,29,237,100.0,100.0,18.24,15.94,44.77,301440->123167 w=19 p=0.95; 301440->136345 w=16 p=1.00; 301440->318449 w=15 p=0.93,data\processed\passes_En_Directo_Aston_Villa_2-1_Chelsea_-_Premier_League_2024_2025.gpickle
En Directo Aston Villa 2-1 Leicester - Premier League 2024_2025.csv,30,255,100.0,100.0,16.55,14.26,36.95,123167->301440 w=13 p=0.92; 123167->102248 w=13 p=1.00; 89925->123167 w=13 p=1.00,data\processed\passes_En_Directo_Aston_Villa_2-1_Leicester_-_Premier_League_2024_2025.gpickle
En Directo Aston Villa 2-1 Manchester City - Premier League 2024_2025.csv,27,212,100.0,100.0,17.01,15.33,32.51,102248->344259 w=18 p=1.00; 331790->301440 w=16 p=0.94; 331790->400815 w=14 p=1.00,data\processed\passes_En_Directo_Aston_Villa_2-1_Manchester_City_-_Premier_League_2024_2025.gpickle
En Directo Aston Villa 2-1 Nottingham Forest - Premier League 2024_2025.csv,30,229,100.0,100.0,19.1,16.75,45.16,445424->386969 w=17 p=1.00; 332867->350088 w=10 p=1.00; 123167->102248 w=10 p=0.90,data\processed\passes_En_Directo_Aston_Villa_2-1_Nottingham_Forest_-_Premier_League_2024_2025.gpickle
En Directo Aston Villa 2-2 Brighton - Premier League 2024_2025.csv,32,279,100.0,100.0,18.44,15.86,42.38,86441->382241 w=15 p=1.00; 400138->86441 w=15 p=1.00; 86441->365402 w=13 p=1.00,data\processed\passes_En_Directo_Aston_Villa_2-2_Brighton_-_Premier_League_2024_2025.gpickle
En Directo Aston Villa 2-2 Crystal Palace - Premier League 2024_2025.csv,31,262,100.0,100.0,17.89,16.01,39.05,344259->136345 w=16 p=0.94; 136345->92547 w=15 p=0.87; 134984->322043 w=14 p=1.00,data\processed\passes_En_Directo_Aston_Villa_2-2_Crystal_Palace_-_Premier_League_2024_2025.gpickle
En Directo Aston Villa 2-2 Liverpool - Premier League 2024_2025.csv,31,250,100.0,100.0,16.72,13.69,41.95,345957->318871 w=10 p=1.00; 300426->102248 w=10 p=1.00; 95408->345319 w=9 p=0.89,data\processed\passes_En_Directo_Aston_Villa_2-2_Liverpool_-_Premier_League_2024_2025.gpickle
En Directo Aston Villa 3-1 Brentford - Premier League 2024_2025.csv,31,250,100.0,100.0,17.68,15.2,40.41,322043->301440 w=11 p=0.82; 123167->89925 w=9 p=0.89; 89925->136345 w=9 p=0.89,data\processed\passes_En_Directo_Aston_Villa_3-1_Brentford_-_Premier_League_2024_2025.gpickle
En Directo Aston Villa 3-1 Wolves - Premier League 2024_2025.csv,31,245,100.0,100.0,17.32,14.83,39.75,425060->73063 w=14 p=1.00; 301440->134984 w=14 p=1.00; 134984->301440 w=12 p=1.00,data\processed\passes_En_Directo_Aston_Villa_3-1_Wolves_-_Premier_League_2024_2025.gpickle
En Directo Aston Villa 4-1 Newcastle - Premier League 2024_2025.csv,32,249,100.0,100.0,19.01,16.63,51.97,384134->136345 w=14 p=1.00; 136345->384134 w=13 p=0.92; 343501->83078 w=13 p=0.77,data\processed\passes_En_Directo_Aston_Villa_4-1_Newcastle_-_Premier_League_2024_2025.gpickle
En Directo Bournemouth 0-0 Crystal Palace - Premier League 2024_2025.csv,28,244,100.0,100.0,19.31,17.09,45.66,399826->468852 w=15 p=0.87; 468852->399826 w=15 p=1.00; 136456->399826 w=13 p=0.85,data\processed\passes_En_Directo_Bournemouth_0-0_Crystal_Palace_-_Premier_League_2024_2025.gpickle
En Directo Bournemouth 0-1 Aston Villa - Premier League 2024_2025.csv,30,242,100.0,100.0,20.44,17.38,40.73,400815->301440 w=11 p=0.91; 301440->322043 w=9 p=0.67; 468852->315275 w=9 p=0.89,data\processed\passes_En_Directo_Bournemouth_0-1_Aston_Villa_-_Premier_League_2024_2025.gpickle
En Directo Bournemouth 0-1 Wolves - Premier League 2024_2025.csv,30,262,100.0,100.0,18.38,16.05,40.45,444241->431283 w=12 p=1.00; 431283->355401 w=12 p=0.92; 424273->468852 w=11 p=0.82,data\processed\passes_En_Directo_Bournemouth_0-1_Wolves_-_Premier_League_2024_2025.gpickle
En Directo Bournemouth 0-2 Liverpool - Premier League 2024_2025.csv,28,237,100.0,100.0,18.85,15.97,44.27,468852->315275 w=14 p=0.79; 357073->424273 w=13 p=0.85; 315275->468852 w=13 p=0.92,data\processed\passes_En_Directo_Bournemouth_0-2_Liverpool_-_Premier_League_2024_2025.gpickle
En Directo Bournemouth 1-0 Everton - Premier League 2024_2025.csv,30,259,100.0,100.0,19.0,16.32,46.01,110189->131464 w=10 p=0.90; 128882->128882 w=10 p=0.20; 345516->366116 w=8 p=0.62,data\processed\passes_En_Directo_Bournemouth_1-0_Everton_-_Premier_League_2024_2025.gpickle
En Directo Bournemouth 1-0 Fulham - Premier League 2024_2025.csv,30,265,100.0,100.0,19.32,16.83,38.86,306581->136824 w=11 p=0.82; 141169->231135 w=10 p=1.00; 424273->422183 w=10 p=0.90,data\processed\passes_En_Directo_Bournemouth_1-0_Fulham_-_Premier_League_2024_2025.gpickle
En Directo Bournemouth 1-0 Tottenham - Premier League 2024_2025.csv,31,278,100.0,100.0,18.6,16.45,40.22,29796->400097 w=11 p=0.91; 69877->357073 w=8 p=0.88; 344314->424273 w=8 p=1.00,data\processed\passes_En_Directo_Bournemouth_1-0_Tottenham_-_Premier_League_2024_2025.gpickle
En Directo Bournemouth 1-1 Manchester United - Premier League 2024_2025.csv,31,255,100.0,100.0,16.36,13.41,41.07,424273->422183 w=11 p=0.91; 408962->118244 w=11 p=1.00; 123761->118244 w=10 p=0.90,data\processed\passes_En_Directo_Bournemouth_1-1_Manchester_United_-_Premier_League_2024_2025.gpickle
En Directo Bournemouth 1-1 Newcastle - Premier League 2024_2025.csv,31,275,100.0,100.0,18.43,15.73,42.39,136456->371039 w=11 p=0.82; 201755->338780 w=10 p=0.80; 338780->415174 w=8 p=0.75,data\processed\passes_En_Directo_Bournemouth_1-1_Newcastle_-_Premier_League_2024_2025.gpickle
En Directo Bournemouth 1-1 West Ham - Premier League 2024_2025.csv,30,249,100.0,100.0,20.41,18.07,44.73,468852->399826 w=12 p=0.92; 399826->69877 w=11 p=0.91; 468852->424273 w=10 p=0.70,data\processed\passes_En_Directo_Bournemouth_1-1_West_Ham_-_Premier_League_2024_2025.gpickle
En Directo Bournemouth 1-2 Brentford - Premier League 2024_2025.csv,31,270,100.0,100.0,18.92,16.13,44.47,115131->407260 w=11 p=0.64; 136456->344314 w=9 p=0.78; 342499->368512 w=9 p=0.78,data\processed\passes_En_Directo_Bournemouth_1-2_Brentford_-_Premier_League_2024_2025.gpickle
En Directo Bournemouth 1-2 Brighton - Premier League 2024_2025.csv,31,269,100.0,100.0,19.45,16.01,49.72,399826->328330 w=14 p=1.00; 69877->399826 w=10 p=0.90; 113880->399826 w=10 p=1.00,data\processed\passes_En_Directo_Bournemouth_1-2_Brighton_-_Premier_League_2024_2025.gpickle
En Directo Bournemouth 1-2 Ipswich - Premier League 2024_2025.csv,31,279,100.0,100.0,18.95,16.45,43.43,468852->136456 w=15 p=0.93; 136456->468852 w=11 p=0.82; 362826->299271 w=9 p=0.56,data\processed\passes_En_Directo_Bournemouth_1-2_Ipswich_-_Premier_League_2024_2025.gpickle
En Directo Bournemouth 2-0 Leicester - Premier League 2024_2025.csv,30,243,100.0,100.0,17.96,15.16,48.17,69877->399826 w=13 p=0.85; 97710->407587 w=13 p=1.00; 399826->69877 w=12 p=0.83,data\processed\passes_En_Directo_Bournemouth_2-0_Leicester_-_Premier_League_2024_2025.gpickle
En Directo Bournemouth 3-1 Southampton - Premier League 2024_2025.csv,31,273,100.0,100.0,17.92,15.59,36.65,328330->424273 w=19 p=0.89; 399826->328330 w=15 p=1.00; 69877->399826 w=12 p=1.00,data\processed\passes_En_Directo_Bournemouth_3-1_Southampton_-_Premier_League_2024_2025.gpickle
En Directo Bournemouth 5-0 Nottingham Forest - Premier League 2024_2025.csv,30,253,100.0,100.0,17.92,15.71,42.3,402596->332867 w=11 p=0.91; 315543->332867 w=9 p=0.67; 402596->445424 w=8 p=1.00,data\processed\passes_En_Directo_Bournemouth_5-0_Nottingham_Forest_-_Premier_League_2024_2025.gpickle
En Directo Brentford 0-0 Chelsea - Premier League 2024_2025.csv,29,249,100.0,100.0,20.77,17.98,53.14,372724->115131 w=15 p=0.87; 115131->351705 w=12 p=0.75; 136464->362151 w=9 p=1.00,data\processed\passes_En_Directo_Brentford_0-0_Chelsea_-_Premier_League_2024_2025.gpickle
En Directo Brentford 0-1 Aston Villa - Premier League 2024_2025.csv,27,237,100.0,100.0,18.8,15.93,45.25,342499->115131 w=11 p=1.00; 115131->372724 w=10 p=1.00; 123167->41554 w=9 p=0.78,data\processed\passes_En_Directo_Brentford_0-1_Aston_Villa_-_Premier_League_2024_2025.gpickle
En Directo Brentford 0-2 Liverpool - Premier League 2024_2025.csv,29,253,100.0,100.0,18.15,16.1,38.61,351705->115131 w=14 p=0.93; 372724->115131 w=13 p=1.00; 115131->372724 w=10 p=0.90,data\processed\passes_En_Directo_Brentford_0-2_Liverpool_-_Premier_League_2024_2025.gpickle
En Directo Brentford 0-2 Nottingham Forest - Premier League 2024_2025.csv,31,250,100.0,100.0,19.04,16.33,42.54,350088->386969 w=10 p=0.80; 332867->402596 w=9 p=1.00; 368512->401168 w=9 p=0.78,data\processed\passes_En_Directo_Brentford_0-2_Nottingham_Forest_-_Premier_League_2024_2025.gpickle
En Directo Brentford 0-2 Tottenham - Premier League 2024_2025.csv,28,244,100.0,100.0,18.06,15.01,42.7,351705->372724 w=13 p=0.92; 401168->353377 w=12 p=0.83; 351705->368512 w=12 p=0.92,data\processed\passes_En_Directo_Brentford_0-2_Tottenham_-_Premier_League_2024_2025.gpickle
En Directo Brentford 1-1 Everton - Premier League 2024_2025.csv,26,216,100.0,100.0,19.77,17.2,49.81,342499->115131 w=18 p=1.00; 115131->342499 w=15 p=1.00; 372724->115131 w=12 p=1.00,data\processed\passes_En_Directo_Brentford_1-1_Everton_-_Premier_League_2024_2025.gpickle
En Directo Brentford 1-1 West Ham - Premier League 2024_2025.csv,29,268,100.0,100.0,18.92,16.45,41.21,342499->115131 w=16 p=0.94; 372724->342499 w=10 p=0.90; 342499->321085 w=10 p=1.00,data\processed\passes_En_Directo_Brentford_1-1_West_Ham_-_Premier_League_2024_2025.gpickle
En Directo Brentford 1-3 Arsenal - Premier League 2024_2025.csv,31,244,100.0,100.0,18.15,15.79,45.85,115131->351705 w=13 p=1.00; 351705->115131 w=13 p=1.00; 372724->401168 w=11 p=0.91,data\processed\passes_En_Directo_Brentford_1-3_Arsenal_-_Premier_League_2024_2025.gpickle
En Directo Brentford 2-1 Crystal Palace - Premier League 2024_2025.csv,32,266,100.0,100.0,17.77,15.56,38.64,372724->115131 w=13 p=0.85; 115131->321085 w=11 p=0.91; 231135->400496 w=10 p=0.60,data\processed\passes_En_Directo_Brentford_2-1_Crystal_Palace_-_Premier_League_2024_2025.gpickle
En Directo Brentford 2-3 Fulham - Premier League 2024_2025.csv,31,250,100.0,100.0,18.68,16.32,44.02,351705->372724 w=9 p=1.00; 372724->353377 w=8 p=0.88; 92173->231135 w=8 p=0.88,data\processed\passes_En_Directo_Brentford_2-3_Fulham_-_Premier_League_2024_2025.gpickle
En Directo Brentford 3-1 Southampton - Premier League 2024_2025.csv,30,262,100.0,100.0,17.19,15.65,35.04,92550->313672 w=11 p=0.91; 92550->136742 w=11 p=1.00; 136742->92550 w=11 p=1.00,data\processed\passes_En_Directo_Brentford_3-1_Southampton_-_Premier_League_2024_2025.gpickle
En Directo Brentford 4-1 Leicester - Premier League 2024_2025.csv,32,295,100.0,100.0,18.77,16.03,43.12,409426->396317 w=9 p=0.22; 327683->299693 w=9 p=1.00; 368512->342499 w=9 p=0.78,data\processed\passes_En_Directo_Brentford_4-1_Leicester_-_Premier_League_2024_2025.gpickle
En Directo Brentford 4-2 Brighton - Premier League 2024_2025.csv,33,275,100.0,100.0,18.21,14.71,41.77,351705->368512 w=12 p=0.83; 444304->351705 w=11 p=1.00; 401168->353377 w=11 p=1.00,data\processed\passes_En_Directo_Brentford_4-2_Brighton_-_Premier_League_2024_2025.gpickle
En Directo Brentford 4-2 Newcastle - Premier League 2024_2025.csv,31,274,100.0,100.0,18.21,14.85,44.64,415174->141486 w=10 p=1.00; 101856->353377 w=10 p=0.90; 372724->115131 w=9 p=0.89,data\processed\passes_En_Directo_Brentford_4-2_Newcastle_-_Premier_League_2024_2025.gpickle
En Directo Brentford 4-3 Manchester United - Premier League 2024_2025.csv,32,255,100.0,100.0,18.2,15.77,39.84,401168->353377 w=12 p=0.75; 115131->351705 w=11 p=0.91; 372724->115131 w=10 p=1.00,data\processed\passes_En_Directo_Brentford_4-3_Manchester_United_-_Premier_League_2024_2025.gpickle
En Directo Brighton 0-0 Brentford - Premier League 2024_2025.csv,30,255,100.0,100.0,19.73,16.75,43.54,401168->353377 w=12 p=0.92; 329554->372724 w=10 p=1.00; 401168->329554 w=8 p=0.88,data\processed\passes_En_Directo_Brighton_0-0_Brentford_-_Premier_League_2024_2025.gpickle
En Directo Brighton 0-1 Everton - Premier League 2024_2025.csv,31,255,100.0,100.0,18.46,15.42,48.08,86441->365402 w=25 p=0.88; 110290->86441 w=19 p=0.95; 86441->110290 w=17 p=1.00,data\processed\passes_En_Directo_Brighton_0-1_Everton_-_Premier_League_2024_2025.gpickle
En Directo Brighton 0-3 Aston Villa - Premier League 2024_2025.csv,32,258,100.0,100.0,18.26,15.34,42.72,86441->298694 w=13 p=0.69; 344259->102248 w=13 p=0.92; 298694->86441 w=11 p=0.82,data\processed\passes_En_Directo_Brighton_0-3_Aston_Villa_-_Premier_League_2024_2025.gpickle
En Directo Brighton 1-1 Arsenal - Premier League 2024_2025.csv,28,242,100.0,100.0,17.38,15.26,36.21,365402->382241 w=20 p=1.00; 382241->365402 w=17 p=1.00; 382241->400138 w=14 p=1.00,data\processed\passes_En_Directo_Brighton_1-1_Arsenal_-_Premier_League_2024_2025.gpickle
En Directo Brighton 1-1 Newcastle - Premier League 2024_2025.csv,29,240,100.0,100.0,19.72,16.67,51.45,365402->86441 w=13 p=0.92; 86441->400138 w=13 p=1.00; 298694->86441 w=13 p=0.92,data\processed\passes_En_Directo_Brighton_1-1_Newcastle_-_Premier_League_2024_2025.gpickle
En Directo Brighton 1-1 Southampton - Premier League 2024_2025.csv,31,245,100.0,100.0,17.61,15.67,39.81,382241->298694 w=17 p=0.94; 298694->425142 w=17 p=0.88; 313672->332402 w=13 p=0.92,data\processed\passes_En_Directo_Brighton_1-1_Southampton_-_Premier_League_2024_2025.gpickle
En Directo Brighton 1-3 Crystal Palace - Premier League 2024_2025.csv,32,262,100.0,100.0,18.77,15.74,46.3,86441->365402 w=31 p=1.00; 86441->298694 w=25 p=1.00; 298694->86441 w=20 p=1.00,data\processed\passes_En_Directo_Brighton_1-3_Crystal_Palace_-_Premier_League_2024_2025.gpickle
En Directo Brighton 2-1 Bournemouth - Premier League 2024_2025.csv,31,258,100.0,100.0,18.97,15.81,47.18,109922->400138 w=14 p=0.93; 468852->315275 w=13 p=0.62; 298694->446133 w=11 p=0.91,data\processed\passes_En_Directo_Brighton_2-1_Bournemouth_-_Premier_League_2024_2025.gpickle
En Directo Brighton 2-1 Fulham - Premier League 2024_2025.csv,31,246,100.0,100.0,17.29,15.6,34.45,365402->109922 w=19 p=0.95; 92173->300359 w=11 p=1.00; 109922->365402 w=10 p=1.00,data\processed\passes_En_Directo_Brighton_2-1_Fulham_-_Premier_League_2024_2025.gpickle
En Directo Brighton 2-1 Manchester City - Premier League 2024_2025.csv,29,263,100.0,100.0,17.42,15.12,38.15,382241->365402 w=20 p=1.00; 365402->382241 w=19 p=1.00; 298694->382241 w=17 p=1.00,data\processed\passes_En_Directo_Brighton_2-1_Manchester_City_-_Premier_League_2024_2025.gpickle
En Directo Brighton 2-1 Manchester United - Premier League 2024_2025.csv,32,249,100.0,100.0,17.16,14.38,39.51,86441->365402 w=21 p=1.00; 365402->86441 w=20 p=1.00; 365402->110290 w=20 p=0.75,data\processed\passes_En_Directo_Brighton_2-1_Manchester_United_-_Premier_League_2024_2025.gpickle
En Directo Brighton 2-2 Leicester - Premier League 2024_2025.csv,30,245,100.0,100.0,17.74,15.14,40.07,86441->436048 w=13 p=1.00; 368312->97710 w=13 p=0.92; 433572->318750 w=12 p=0.92,data\processed\passes_En_Directo_Brighton_2-2_Leicester_-_Premier_League_2024_2025.gpickle
En Directo Brighton 2-2 Nottingham Forest - Premier League 2024_2025.csv,30,277,100.0,100.0,18.19,15.67,47.56,86441->365402 w=23 p=1.00; 365402->86441 w=15 p=1.00; 86441->445059 w=14 p=0.86,data\processed\passes_En_Directo_Brighton_2-2_Nottingham_Forest_-_Premier_League_2024_2025.gpickle
En Directo Brighton 3-0 Chelsea - Premier League 2024_2025.csv,31,271,100.0,100.0,17.9,15.79,44.0,421351->363496 w=17 p=0.88; 353292->421351 w=16 p=1.00; 369430->421351 w=16 p=0.81,data\processed\passes_En_Directo_Brighton_3-0_Chelsea_-_Premier_League_2024_2025.gpickle
En Directo Brighton 3-2 Liverpool - Premier League 2024_2025.csv,31,276,100.0,100.0,17.35,15.05,35.56,430019->114147 w=16 p=0.94; 109922->400138 w=12 p=1.00; 114147->363884 w=10 p=0.80,data\processed\passes_En_Directo_Brighton_3-2_Liverpool_-_Premier_League_2024_2025.gpickle
En Directo Brighton 3-2 West Ham - Premier League 2024_2025.csv,28,225,100.0,100.0,18.43,16.03,38.91,436048->298694 w=21 p=0.90; 86441->445059 w=17 p=0.94; 436048->86441 w=16 p=1.00,data\processed\passes_En_Directo_Brighton_3-2_West_Ham_-_Premier_League_2024_2025.gpickle
En Directo Chelsea 0-2 Manchester City - Premier League 2024_2025.csv,27,239,100.0,100.0,17.43,14.99,40.33,363496->369430 w=16 p=0.88; 313171->402664 w=14 p=1.00; 297390->313171 w=13 p=1.00,data\processed\passes_En_Directo_Chelsea_0-2_Manchester_City_-_Premier_League_2024_2025.gpickle
En Directo Chelsea 1-0 Leicester - Premier League 2024_2025.csv,30,253,100.0,100.0,18.49,15.95,37.95,409426->97710 w=13 p=0.92; 396317->97710 w=13 p=1.00; 97710->409426 w=13 p=0.92,data\processed\passes_En_Directo_Chelsea_1-0_Leicester_-_Premier_League_2024_2025.gpickle
En Directo Chelsea 1-0 Manchester United - Premier League 2024_2025.csv,28,217,100.0,100.0,19.24,16.15,48.3,136464->361330 w=15 p=1.00; 361330->337916 w=15 p=0.93; 337916->361330 w=15 p=0.93,data\processed\passes_En_Directo_Chelsea_1-0_Manchester_United_-_Premier_League_2024_2025.gpickle
En Directo Chelsea 1-0 Tottenham - Premier League 2024_2025.csv,30,231,100.0,100.0,18.47,16.09,42.61,401044->91909 w=17 p=0.88; 425229->323663 w=12 p=1.00; 323663->425229 w=11 p=0.82,data\processed\passes_En_Directo_Chelsea_1-0_Tottenham_-_Premier_League_2024_2025.gpickle
En Directo Chelsea 1-1 Arsenal - Premier League 2024_2025.csv,29,232,100.0,100.0,17.47,15.81,38.33,238940->361822 w=13 p=1.00; 361822->238940 w=12 p=1.00; 361822->334087 w=11 p=1.00,data\processed\passes_En_Directo_Chelsea_1-1_Arsenal_-_Premier_League_2024_2025.gpickle
En Directo Chelsea 1-1 Crystal Palace - Premier League 2024_2025.csv,28,244,100.0,100.0,19.17,16.44,47.41,421351->363496 w=15 p=0.93; 363496->421351 w=15 p=0.93; 421351->369430 w=12 p=1.00,data\processed\passes_En_Directo_Chelsea_1-1_Crystal_Palace_-_Premier_League_2024_2025.gpickle
En Directo Chelsea 1-2 Fulham - Premier League 2024_2025.csv,27,224,100.0,100.0,18.8,15.91,39.34,403850->369430 w=24 p=0.92; 136464->403850 w=19 p=0.89; 403850->136464 w=15 p=0.93,data\processed\passes_En_Directo_Chelsea_1-2_Fulham_-_Premier_League_2024_2025.gpickle
En Directo Chelsea 2-1 Brentford - Premier League 2024_2025.csv,28,256,100.0,100.0,20.25,17.22,47.66,342499->115131 w=14 p=1.00; 403850->389935 w=11 p=0.91; 403850->369430 w=10 p=1.00,data\processed\passes_En_Directo_Chelsea_2-1_Brentford_-_Premier_League_2024_2025.gpickle
En Directo Chelsea 2-1 West Ham - Premier League 2024_2025.csv,32,264,100.0,100.0,18.26,15.59,44.01,136464->421351 w=14 p=1.00; 421351->136464 w=13 p=0.92; 136464->361330 w=11 p=1.00,data\processed\passes_En_Directo_Chelsea_2-1_West_Ham_-_Premier_League_2024_2025.gpickle
En Directo Chelsea 2-2 Bournemouth - Premier League 2024_2025.csv,28,225,100.0,100.0,18.91,16.81,40.21,399826->362806 w=11 p=0.91; 424273->468852 w=9 p=1.00; 421351->362151 w=9 p=1.00,data\processed\passes_En_Directo_Chelsea_2-2_Bournemouth_-_Premier_League_2024_2025.gpickle
En Directo Chelsea 2-2 Ipswich - Premier League 2024_2025.csv,30,253,100.0,100.0,20.68,17.39,49.86,353292->369430 w=12 p=0.92; 353292->421351 w=12 p=1.00; 421351->353292 w=10 p=0.90,data\processed\passes_En_Directo_Chelsea_2-2_Ipswich_-_Premier_League_2024_2025.gpickle
En Directo Chelsea 3-0 Aston Villa - Premier League 2024_2025.csv,32,275,100.0,100.0,17.47,14.76,36.28,421351->363496 w=21 p=0.95; 363496->421351 w=18 p=0.94; 344259->136345 w=16 p=0.94,data\processed\passes_En_Directo_Chelsea_3-0_Aston_Villa_-_Premier_League_2024_2025.gpickle
En Directo Chelsea 3-1 Liverpool - Premier League 2024_2025.csv,30,263,100.0,100.0,18.58,15.83,43.1,421351->363496 w=15 p=0.80; 355354->95408 w=13 p=0.92; 363496->389935 w=13 p=0.92,data\processed\passes_En_Directo_Chelsea_3-1_Liverpool_-_Premier_League_2024_2025.gpickle
En Directo Chelsea 3-1 Wolves - Premier League 2024_2025.csv,30,270,100.0,100.0,18.06,15.65,38.53,353292->136464 w=11 p=1.00; 296363->403693 w=11 p=0.91; 136464->353292 w=10 p=1.00,data\processed\passes_En_Directo_Chelsea_3-1_Wolves_-_Premier_League_2024_2025.gpickle
En Directo Chelsea 4-0 Southampton - Premier League 2024_2025.csv,32,256,100.0,100.0,17.1,14.99,38.77,369970->342877 w=13 p=1.00; 342877->369970 w=11 p=0.91; 369970->384061 w=10 p=1.00,data\processed\passes_En_Directo_Chelsea_4-0_Southampton_-_Premier_League_2024_2025.gpickle
En Directo Chelsea 4-2 Brighton - Premier League 2024_2025.csv,32,264,100.0,100.0,17.49,15.21,40.46,421351->362151 w=17 p=0.94; 362151->373946 w=13 p=0.85; 403850->373946 w=13 p=0.92,data\processed\passes_En_Directo_Chelsea_4-2_Brighton_-_Premier_League_2024_2025.gpickle
En Directo Crystal Palace 0-0 Bournemouth - Premier League 2024_2025.csv,30,265,100.0,100.0,18.76,15.34,44.32,468852->331579 w=16 p=0.94; 69877->399826 w=11 p=0.91; 400496->430774 w=11 p=0.73,data\processed\passes_En_Directo_Crystal_Palace_0-0_Bournemouth_-_Premier_League_2024_2025.gpickle
En Directo Crystal Palace 0-0 Manchester United - Premier League 2024_2025.csv,29,279,100.0,100.0,18.39,15.19,48.25,320374->340105 w=25 p=1.00; 123761->349932 w=16 p=0.56; 260843->340105 w=15 p=0.87,data\processed\passes_En_Directo_Crystal_Palace_0-0_Manchester_United_-_Premier_League_2024_2025.gpickle
En Directo Crystal Palace 0-2 West Ham - Premier League 2024_2025.csv,30,248,100.0,100.0,19.64,16.92,47.71,374631->454342 w=17 p=0.88; 454342->374631 w=16 p=1.00; 374631->430774 w=14 p=0.93,data\processed\passes_En_Directo_Crystal_Palace_0-2_West_Ham_-_Premier_League_2024_2025.gpickle
En Directo Crystal Palace 1-0 Ipswich - Premier League 2024_2025.csv,31,249,100.0,100.0,19.09,17.94,46.04,381161->366211 w=13 p=1.00; 270446->366211 w=10 p=0.90; 366211->404108 w=9 p=0.67,data\processed\passes_En_Directo_Crystal_Palace_1-0_Ipswich_-_Premier_League_2024_2025.gpickle
En Directo Crystal Palace 1-1 Chelsea - Premier League 2024_2025.csv,26,232,100.0,100.0,19.95,17.41,42.59,401130->395401 w=14 p=1.00; 403850->369430 w=13 p=1.00; 518604->421351 w=12 p=0.75,data\processed\passes_En_Directo_Crystal_Palace_1-1_Chelsea_-_Premier_League_2024_2025.gpickle
En Directo Crystal Palace 1-1 Newcastle - Premier League 2024_2025.csv,28,223,100.0,100.0,19.65,16.74,45.95,82277->82726 w=12 p=1.00; 82277->430294 w=11 p=1.00; 374631->401130 w=10 p=1.00,data\processed\passes_En_Directo_Crystal_Palace_1-1_Newcastle_-_Premier_League_2024_2025.gpickle
En Directo Crystal Palace 1-1 Nottingham Forest - Premier League 2024_2025.csv,28,225,100.0,100.0,19.52,16.36,48.81,400496->322670 w=19 p=1.00; 374631->401130 w=16 p=0.94; 401130->374631 w=14 p=0.86,data\processed\passes_En_Directo_Crystal_Palace_1-1_Nottingham_Forest_-_Premier_League_2024_2025.gpickle
En Directo Crystal Palace 1-2 Brentford - Premier League 2024_2025.csv,28,227,100.0,100.0,19.91,17.24,43.35,115131->372724 w=11 p=0.91; 372724->115131 w=10 p=0.90; 395401->400496 w=8 p=0.88,data\processed\passes_En_Directo_Crystal_Palace_1-2_Brentford_-_Premier_League_2024_2025.gpickle
En Directo Crystal Palace 1-2 Everton - Premier League 2024_2025.csv,29,266,100.0,100.0,18.26,16.24,39.14,131464->110189 w=14 p=1.00; 367781->424495 w=10 p=0.60; 110189->131464 w=10 p=0.80,data\processed\passes_En_Directo_Crystal_Palace_1-2_Everton_-_Premier_League_2024_2025.gpickle
En Directo Crystal Palace 1-5 Arsenal - Premier League 2024_2025.csv,32,265,100.0,100.0,18.02,15.51,40.23,395401->401130 w=23 p=0.96; 401130->374631 w=21 p=0.95; 374631->389579 w=18 p=0.89,data\processed\passes_En_Directo_Crystal_Palace_1-5_Arsenal_-_Premier_League_2024_2025.gpickle
En Directo Crystal Palace 2-1 Brighton - Premier League 2024_2025.csv,33,248,100.0,100.0,18.99,16.13,46.46,86441->365402 w=18 p=0.83; 400496->133464 w=17 p=0.82; 436048->86441 w=15 p=0.93,data\processed\passes_En_Directo_Crystal_Palace_2-1_Brighton_-_Premier_League_2024_2025.gpickle
En Directo Crystal Palace 2-1 Southampton - Premier League 2024_2025.csv,30,246,100.0,100.0,19.64,16.53,51.12,148474->447231 w=11 p=0.73; 136742->384061 w=10 p=1.00; 447231->148474 w=9 p=0.67,data\processed\passes_En_Directo_Crystal_Palace_2-1_Southampton_-_Premier_League_2024_2025.gpickle
En Directo Crystal Palace 2-2 Leicester - Premier League 2024_2025.csv,29,261,100.0,100.0,19.33,16.35,45.38,401130->389579 w=15 p=0.67; 374631->401130 w=14 p=0.93; 69375->400496 w=12 p=0.75,data\processed\passes_En_Directo_Crystal_Palace_2-2_Leicester_-_Premier_League_2024_2025.gpickle
En Directo Crystal Palace 2-2 Manchester City - Premier League 2024_2025.csv,26,233,100.0,100.0,18.13,15.1,41.33,402664->313171 w=18 p=1.00; 77464->313171 w=16 p=0.94; 313171->77464 w=16 p=1.00,data\processed\passes_En_Directo_Crystal_Palace_2-2_Manchester_City_-_Premier_League_2024_2025.gpickle
En Directo Crystal Palace 4-1 Aston Villa - Premier League 2024_2025.csv,30,246,100.0,100.0,18.22,15.93,41.6,301440->318449 w=15 p=0.93; 136345->408946 w=12 p=0.92; 301440->136345 w=12 p=1.00,data\processed\passes_En_Directo_Crystal_Palace_4-1_Aston_Villa_-_Premier_League_2024_2025.gpickle
En Directo Crystal Palace 4-2 Wolves - Premier League 2024_2025.csv,32,293,100.0,100.0,17.53,15.5,37.45,431283->402810 w=20 p=1.00; 402810->431283 w=18 p=1.00; 320242->431283 w=10 p=0.90,data\processed\passes_En_Directo_Crystal_Palace_4-2_Wolves_-_Premier_League_2024_2025.gpickle
En Directo Everton 0-0 Chelsea - Premier League 2024_2025.csv,27,218,100.0,100.0,19.1,16.11,43.55,421351->136464 w=18 p=0.94; 300426->410175 w=18 p=1.00; 136464->410175 w=17 p=0.88,data\processed\passes_En_Directo_Everton_0-0_Chelsea_-_Premier_League_2024_2025.gpickle
En Directo Everton 0-1 Aston Villa - Premier League 2024_2025.csv,26,217,100.0,100.0,18.45,15.43,41.1,110189->381045 w=15 p=0.93; 131464->110189 w=14 p=0.86; 131464->381045 w=14 p=1.00,data\processed\passes_En_Directo_Everton_0-1_Aston_Villa_-_Premier_League_2024_2025.gpickle
En Directo Everton 0-2 Manchester City - Premier League 2024_2025.csv,30,270,100.0,100.0,18.31,15.78,41.33,402664->313171 w=12 p=0.92; 394933->136741 w=11 p=1.00; 131464->110189 w=11 p=1.00,data\processed\passes_En_Directo_Everton_0-2_Manchester_City_-_Premier_League_2024_2025.gpickle
En Directo Everton 0-3 Brighton - Premier League 2024_2025.csv,30,259,100.0,100.0,18.34,15.44,44.46,131464->110189 w=14 p=1.00; 33532->365402 w=13 p=1.00; 131464->107941 w=11 p=0.91,data\processed\passes_En_Directo_Everton_0-3_Brighton_-_Premier_League_2024_2025.gpickle
En Directo Everton 1-1 Arsenal - Premier League 2024_2025.csv,32,251,100.0,100.0,19.12,15.38,47.53,361822->424462 w=13 p=1.00; 424462->276366 w=9 p=0.89; 276366->361822 w=8 p=1.00,data\processed\passes_En_Directo_Everton_1-1_Arsenal_-_Premier_League_2024_2025.gpickle
En Directo Everton 1-1 West Ham - Premier League 2024_2025.csv,29,241,100.0,100.0,18.22,15.84,39.18,361710->331924 w=16 p=0.81; 331924->319756 w=13 p=0.92; 381045->345516 w=11 p=0.91,data\processed\passes_En_Directo_Everton_1-1_West_Ham_-_Premier_League_2024_2025.gpickle
En Directo Everton 2-0 Southampton - Premier League 2024_2025.csv,32,250,100.0,100.0,17.98,15.21,39.96,361334->384061 w=18 p=0.94; 384061->361334 w=17 p=0.94; 361334->92550 w=14 p=1.00,data\processed\passes_En_Directo_Everton_2-0_Southampton_-_Premier_League_2024_2025.gpickle
En Directo Everton 2-1 Crystal Palace - Premier League 2024_2025.csv,28,229,100.0,100.0,19.39,17.49,38.77,374631->401130 w=13 p=1.00; 8166->357427 w=12 p=0.92; 133464->374631 w=11 p=1.00,data\processed\passes_En_Directo_Everton_2-1_Crystal_Palace_-_Premier_League_2024_2025.gpickle
En Directo Everton 2-2 Ipswich - Premier League 2024_2025.csv,32,250,100.0,100.0,19.59,16.48,42.61,356599->362826 w=15 p=0.93; 231118->381161 w=15 p=0.93; 381161->231118 w=12 p=1.00,data\processed\passes_En_Directo_Everton_2-2_Ipswich_-_Premier_League_2024_2025.gpickle
En Directo Everton 2-2 Liverpool - Premier League 2024_2025.csv,31,268,100.0,100.0,19.85,16.86,49.55,115726->95408 w=13 p=0.92; 345957->95408 w=12 p=0.92; 317896->345516 w=12 p=0.83,data\processed\passes_En_Directo_Everton_2-2_Liverpool_-_Premier_League_2024_2025.gpickle
En Directo Everton 2-2 Manchester United - Premier League 2024_2025.csv,28,248,100.0,100.0,19.21,16.4,45.38,110189->424495 w=12 p=0.92; 495260->123761 w=12 p=0.67; 320374->123761 w=11 p=1.00,data\processed\passes_En_Directo_Everton_2-2_Manchester_United_-_Premier_League_2024_2025.gpickle
En Directo Everton 2-3 Bournemouth - Premier League 2024_2025.csv,29,259,100.0,100.0,21.11,17.43,57.79,317896->31826 w=10 p=0.90; 328330->128882 w=7 p=0.71; 345516->107941 w=7 p=0.86,data\processed\passes_En_Directo_Everton_2-3_Bournemouth_-_Premier_League_2024_2025.gpickle
En Directo Everton 3-2 Tottenham - Premier League 2024_2025.csv,27,242,100.0,100.0,17.77,16.25,37.12,103837->362219 w=18 p=0.94; 103837->137015 w=11 p=0.82; 110189->131464 w=10 p=0.80,data\processed\passes_En_Directo_Everton_3-2_Tottenham_-_Premier_League_2024_2025.gpickle
En Directo Everton 4-0 Wolves - Premier League 2024_2025.csv,30,256,100.0,100.0,18.84,15.66,49.2,131464->110189 w=11 p=1.00; 110189->381045 w=10 p=0.80; 80464->344073 w=9 p=1.00,data\processed\passes_En_Directo_Everton_4-0_Wolves_-_Premier_League_2024_2025.gpickle
En Directo Fulham 0-0 Southampton - Premier League 2024_2025.csv,31,252,100.0,100.0,18.29,15.66,41.93,361334->313672 w=16 p=0.94; 396976->306581 w=15 p=0.93; 136742->361334 w=13 p=1.00,data\processed\passes_En_Directo_Fulham_0-0_Southampton_-_Premier_League_2024_2025.gpickle
En Directo Fulham 0-1 Manchester United - Premier League 2024_2025.csv,31,259,100.0,100.0,17.59,14.82,42.58,231135->396976 w=16 p=0.81; 306581->396976 w=13 p=1.00; 99487->340105 w=12 p=1.00,data\processed\passes_En_Directo_Fulham_0-1_Manchester_United_-_Premier_League_2024_2025.gpickle
En Directo Fulham 0-2 Crystal Palace - Premier League 2024_2025.csv,31,243,100.0,100.0,19.03,16.16,45.74,396976->231135 w=24 p=0.96; 231135->396976 w=22 p=0.91; 401130->395401 w=15 p=0.93,data\processed\passes_En_Directo_Fulham_0-2_Crystal_Palace_-_Premier_League_2024_2025.gpickle
En Directo Fulham 1-1 Arsenal - Premier League 2024_2025.csv,30,257,100.0,100.0,18.09,15.47,41.69,238940->361822 w=21 p=0.95; 361822->238940 w=16 p=0.88; 300359->92173 w=12 p=0.92,data\processed\passes_En_Directo_Fulham_1-1_Arsenal_-_Premier_League_2024_2025.gpickle
En Directo Fulham 1-1 West Ham - Premier League 2024_2025.csv,32,269,100.0,100.0,19.22,15.68,50.46,231135->145996 w=10 p=0.70; 145996->231135 w=9 p=1.00; 322696->368310 w=9 p=1.00,data\processed\passes_En_Directo_Fulham_1-1_West_Ham_-_Premier_League_2024_2025.gpickle
En Directo Fulham 1-2 Chelsea - Premier League 2024_2025.csv,31,256,100.0,100.0,18.96,16.15,44.67,92173->396976 w=15 p=1.00; 306581->396976 w=14 p=0.86; 421351->363496 w=11 p=0.73,data\processed\passes_En_Directo_Fulham_1-2_Chelsea_-_Premier_League_2024_2025.gpickle
En Directo Fulham 1-3 Everton - Premier League 2024_2025.csv,32,286,100.0,100.0,19.09,15.68,49.18,110189->107941 w=12 p=1.00; 231135->396976 w=12 p=1.00; 145996->231135 w=11 p=1.00,data\processed\passes_En_Directo_Fulham_1-3_Everton_-_Premier_League_2024_2025.gpickle
En Directo Fulham 2-1 Leicester - Premier League 2024_2025.csv,30,239,100.0,100.0,18.33,16.88,36.66,299693->87182 w=19 p=1.00; 409426->87182 w=15 p=0.93; 87182->299693 w=15 p=0.93,data\processed\passes_En_Directo_Fulham_2-1_Leicester_-_Premier_League_2024_2025.gpickle
En Directo Fulham 2-2 Bournemouth - Premier League 2024_2025.csv,31,264,100.0,100.0,18.73,16.44,40.87,306581->136824 w=13 p=0.85; 396976->306581 w=12 p=0.83; 300359->231135 w=9 p=0.67,data\processed\passes_En_Directo_Fulham_2-2_Bournemouth_-_Premier_League_2024_2025.gpickle
En Directo Fulham 2-2 Ipswich - Premier League 2024_2025.csv,31,281,100.0,100.0,18.73,14.99,49.01,396976->306581 w=20 p=0.80; 306581->396976 w=16 p=0.81; 396976->231135 w=13 p=1.00,data\processed\passes_En_Directo_Fulham_2-2_Ipswich_-_Premier_League_2024_2025.gpickle
En Directo Fulham 3-1 Brighton - Premier League 2024_2025.csv,32,247,100.0,100.0,19.23,15.97,51.04,86441->382241 w=15 p=0.93; 141169->300359 w=14 p=1.00; 382241->86441 w=13 p=1.00,data\processed\passes_En_Directo_Fulham_3-1_Brighton_-_Premier_League_2024_2025.gpickle
En Directo Fulham 3-1 Newcastle - Premier League 2024_2025.csv,32,259,100.0,100.0,19.07,15.4,48.8,82277->82726 w=18 p=1.00; 82277->430294 w=16 p=0.94; 82726->82277 w=14 p=0.93,data\processed\passes_En_Directo_Fulham_3-1_Newcastle_-_Premier_League_2024_2025.gpickle
En Directo Fulham 3-2 Liverpool - Premier League 2024_2025.csv,31,276,100.0,100.0,18.22,15.48,44.59,345957->95408 w=14 p=1.00; 363884->355354 w=12 p=0.92; 322176->95408 w=12 p=0.92,data\processed\passes_En_Directo_Fulham_3-2_Liverpool_-_Premier_League_2024_2025.gpickle
En Directo Ipswich 0-1 Brentford - Premier League 2024_2025.csv,29,222,100.0,100.0,20.55,18.65,44.86,299271->430908 w=15 p=0.93; 362826->299271 w=12 p=0.75; 231118->134666 w=12 p=0.58,data\processed\passes_En_Directo_Ipswich_0-1_Brentford_-_Premier_League_2024_2025.gpickle
En Directo Ipswich 0-1 Crystal Palace - Premier League 2024_2025.csv,30,257,100.0,100.0,20.63,17.74,48.23,134666->381161 w=14 p=0.93; 362826->404080 w=13 p=0.92; 404080->362826 w=12 p=0.92,data\processed\passes_En_Directo_Ipswich_0-1_Crystal_Palace_-_Premier_League_2024_2025.gpickle
En Directo Ipswich 0-2 Brighton - Premier League 2024_2025.csv,30,242,100.0,100.0,18.87,16.52,43.67,381161->366211 w=24 p=0.88; 140906->381161 w=16 p=0.94; 356599->362826 w=15 p=0.93,data\processed\passes_En_Directo_Ipswich_0-2_Brighton_-_Premier_League_2024_2025.gpickle
En Directo Ipswich 0-2 Liverpool - Premier League 2024_2025.csv,31,288,100.0,100.0,17.0,14.53,38.5,356599->140906 w=14 p=1.00; 140906->356599 w=13 p=0.92; 134666->356599 w=9 p=0.78,data\processed\passes_En_Directo_Ipswich_0-2_Liverpool_-_Premier_League_2024_2025.gpickle
En Directo Ipswich 0-4 Arsenal - Premier League 2024_2025.csv,31,249,100.0,100.0,17.26,15.25,34.95,322036->247454 w=24 p=0.88; 361822->322036 w=15 p=1.00; 332325->247454 w=14 p=0.93,data\processed\passes_En_Directo_Ipswich_0-4_Arsenal_-_Premier_League_2024_2025.gpickle
En Directo Ipswich 0-4 Newcastle - Premier League 2024_2025.csv,32,282,100.0,100.0,17.87,15.34,39.55,231118->366211 w=17 p=0.94; 82277->82726 w=15 p=1.00; 82277->430294 w=14 p=1.00,data\processed\passes_En_Directo_Ipswich_0-4_Newcastle_-_Premier_League_2024_2025.gpickle
En Directo Ipswich 0-6 Manchester City - Premier League 2024_2025.csv,32,271,100.0,100.0,17.05,14.97,33.21,402664->313171 w=19 p=1.00; 77464->402664 w=18 p=1.00; 313171->394933 w=18 p=0.94,data\processed\passes_En_Directo_Ipswich_0-6_Manchester_City_-_Premier_League_2024_2025.gpickle
En Directo Ipswich 1-1 Fulham - Premier League 2024_2025.csv,30,214,100.0,100.0,20.48,17.13,44.54,356599->299271 w=17 p=0.94; 299271->134666 w=16 p=1.00; 362426->356599 w=14 p=0.93,data\processed\passes_En_Directo_Ipswich_1-1_Fulham_-_Premier_League_2024_2025.gpickle
En Directo Ipswich 1-1 Leicester - Premier League 2024_2025.csv,29,237,100.0,100.0,19.54,16.58,46.22,366211->270446 w=13 p=0.92; 231118->134666 w=12 p=0.75; 299693->87182 w=11 p=1.00,data\processed\passes_En_Directo_Ipswich_1-1_Leicester_-_Premier_League_2024_2025.gpickle
En Directo Ipswich 1-2 Bournemouth - Premier League 2024_2025.csv,31,261,100.0,100.0,19.58,16.27,46.41,468852->399826 w=11 p=0.82; 362826->349484 w=9 p=0.67; 136456->344314 w=9 p=0.89,data\processed\passes_En_Directo_Ipswich_1-2_Bournemouth_-_Premier_League_2024_2025.gpickle
En Directo Ipswich 1-2 Southampton - Premier League 2024_2025.csv,30,265,100.0,100.0,19.13,16.93,44.37,316858->122182 w=17 p=0.76; 299271->430908 w=12 p=1.00; 362826->299271 w=12 p=1.00,data\processed\passes_En_Directo_Ipswich_1-2_Southampton_-_Premier_League_2024_2025.gpickle
En Directo Ipswich 1-2 Wolves - Premier League 2024_2025.csv,29,239,100.0,100.0,20.13,17.42,50.57,431283->355401 w=12 p=0.75; 402810->431283 w=12 p=1.00; 431283->402810 w=8 p=0.88,data\processed\passes_En_Directo_Ipswich_1-2_Wolves_-_Premier_League_2024_2025.gpickle
En Directo Ipswich 1-3 West Ham - Premier League 2024_2025.csv,32,293,100.0,100.0,17.62,14.71,41.21,299271->430908 w=24 p=0.96; 430908->299271 w=16 p=1.00; 362826->299271 w=11 p=1.00,data\processed\passes_En_Directo_Ipswich_1-3_West_Ham_-_Premier_League_2024_2025.gpickle
En Directo Ipswich 1-4 Tottenham - Premier League 2024_2025.csv,32,273,100.0,100.0,17.94,15.87,38.55,381161->366211 w=18 p=0.83; 330816->429922 w=14 p=1.00; 366211->381161 w=14 p=1.00,data\processed\passes_En_Directo_Ipswich_1-4_Tottenham_-_Premier_League_2024_2025.gpickle
En Directo Ipswich 2-0 Chelsea - Premier League 2024_2025.csv,31,258,100.0,100.0,18.51,16.0,48.49,421351->410175 w=20 p=0.90; 136464->421351 w=20 p=1.00; 410175->300426 w=17 p=0.88,data\processed\passes_En_Directo_Ipswich_2-0_Chelsea_-_Premier_League_2024_2025.gpickle
En Directo Ipswich 2-2 Aston Villa - Premier League 2024_2025.csv,32,240,100.0,100.0,17.94,15.12,41.72,381161->362826 w=16 p=1.00; 362826->381161 w=15 p=1.00; 299271->362826 w=11 p=0.82,data\processed\passes_En_Directo_Ipswich_2-2_Aston_Villa_-_Premier_League_2024_2025.gpickle
En Directo Ipswich 2-4 Nottingham Forest - Premier League 2024_2025.csv,32,269,100.0,100.0,19.28,17.06,38.91,356599->381161 w=12 p=0.83; 386969->402596 w=10 p=0.80; 402596->386969 w=9 p=0.89,data\processed\passes_En_Directo_Ipswich_2-4_Nottingham_Forest_-_Premier_League_2024_2025.gpickle
En Directo Leicester 0-1 Liverpool - Premier League 2024_2025.csv,31,247,100.0,100.0,17.73,15.22,38.99,97710->409426 w=12 p=1.00; 396317->97710 w=12 p=0.92; 345957->95408 w=10 p=1.00,data\processed\passes_En_Directo_Leicester_0-1_Liverpool_-_Premier_League_2024_2025.gpickle
En Directo Leicester 0-2 Arsenal - Premier League 2024_2025.csv,30,252,100.0,100.0,16.84,14.54,40.75,368312->409426 w=14 p=1.00; 409426->368312 w=12 p=0.92; 416970->368312 w=9 p=1.00,data\processed\passes_En_Directo_Leicester_0-2_Arsenal_-_Premier_League_2024_2025.gpickle
En Directo Leicester 0-2 Fulham - Premier League 2024_2025.csv,31,251,100.0,100.0,18.28,16.15,39.88,396976->306581 w=15 p=0.93; 306581->396976 w=14 p=0.86; 299693->87182 w=12 p=0.92,data\processed\passes_En_Directo_Leicester_0-2_Fulham_-_Premier_League_2024_2025.gpickle
En Directo Leicester 0-3 Manchester United - Premier League 2024_2025.csv,32,299,100.0,100.0,16.79,14.3,37.96,301441->299693 w=15 p=0.93; 299693->97710 w=14 p=0.86; 320374->260843 w=12 p=0.83,data\processed\passes_En_Directo_Leicester_0-3_Manchester_United_-_Premier_League_2024_2025.gpickle
En Directo Leicester 0-3 Newcastle - Premier League 2024_2025.csv,31,278,100.0,100.0,17.88,15.63,38.0,396317->345664 w=13 p=0.85; 396317->97710 w=13 p=0.85; 82726->83078 w=13 p=0.85,data\processed\passes_En_Directo_Leicester_0-3_Newcastle_-_Premier_League_2024_2025.gpickle
En Directo Leicester 0-3 Wolves - Premier League 2024_2025.csv,31,256,100.0,100.0,17.33,15.3,40.59,444241->94042 w=20 p=0.95; 122714->431283 w=13 p=1.00; 397585->403693 w=13 p=0.85,data\processed\passes_En_Directo_Leicester_0-3_Wolves_-_Premier_League_2024_2025.gpickle
En Directo Leicester 0-4 Brentford - Premier League 2024_2025.csv,32,270,100.0,100.0,17.5,14.8,36.75,342499->115131 w=10 p=1.00; 401168->353377 w=9 p=0.67; 115131->372724 w=8 p=1.00,data\processed\passes_En_Directo_Leicester_0-4_Brentford_-_Premier_League_2024_2025.gpickle
En Directo Leicester 1-1 Everton - Premier League 2024_2025.csv,27,226,100.0,100.0,18.19,15.18,41.72,344073->8166 w=12 p=1.00; 8166->344073 w=11 p=0.91; 143990->416970 w=9 p=1.00,data\processed\passes_En_Directo_Leicester_1-1_Everton_-_Premier_League_2024_2025.gpickle
En Directo Leicester 1-1 Tottenham - Premier League 2024_2025.csv,31,275,100.0,100.0,16.55,14.41,37.01,425229->323663 w=16 p=0.94; 323663->425229 w=15 p=1.00; 425229->401044 w=10 p=1.00,data\processed\passes_En_Directo_Leicester_1-1_Tottenham_-_Premier_League_2024_2025.gpickle
En Directo Leicester 1-2 Aston Villa - Premier League 2024_2025.csv,32,265,100.0,100.0,16.34,13.76,38.37,344259->136345 w=12 p=0.83; 89925->136345 w=11 p=0.82; 301441->299693 w=10 p=1.00,data\processed\passes_En_Directo_Leicester_1-2_Aston_Villa_-_Premier_League_2024_2025.gpickle
En Directo Leicester 2-0 Ipswich - Premier League 2024_2025.csv,31,226,100.0,100.0,17.74,16.08,41.1,97710->299693 w=24 p=1.00; 301441->97710 w=13 p=1.00; 299693->396317 w=12 p=1.00,data\processed\passes_En_Directo_Leicester_2-0_Ipswich_-_Premier_League_2024_2025.gpickle
En Directo Leicester 2-0 Southampton - Premier League 2024_2025.csv,31,219,100.0,100.0,17.6,16.19,34.54,97710->299693 w=18 p=0.94; 299693->396317 w=15 p=1.00; 364215->299693 w=13 p=0.85,data\processed\passes_En_Directo_Leicester_2-0_Southampton_-_Premier_League_2024_2025.gpickle
En Directo Leicester 2-2 Brighton - Premier League 2024_2025.csv,32,259,100.0,100.0,17.53,14.78,38.94,86441->365402 w=22 p=1.00; 365402->86441 w=17 p=1.00; 298694->86441 w=17 p=0.94,data\processed\passes_En_Directo_Leicester_2-2_Brighton_-_Premier_League_2024_2025.gpickle
En Directo Leicester 3-1 West Ham - Premier League 2024_2025.csv,32,277,100.0,100.0,17.25,15.54,36.07,368310->351127 w=18 p=0.94; 97710->301441 w=14 p=0.86; 331924->313542 w=12 p=0.75,data\processed\passes_En_Directo_Leicester_3-1_West_Ham_-_Premier_League_2024_2025.gpickle
En Directo Liverpool 0-1 Nottingham Forest - Premier League 2024_2025.csv,32,277,100.0,100.0,18.62,15.05,53.24,318871->95408 w=14 p=0.64; 95408->369875 w=12 p=1.00; 95408->345957 w=12 p=1.00,data\processed\passes_En_Directo_Liverpool_0-1_Nottingham_Forest_-_Premier_League_2024_2025.gpickle
En Directo Liverpool 1-0 Everton - Premier League 2024_2025.csv,29,232,100.0,100.0,21.01,17.29,50.01,95408->115726 w=15 p=0.87; 355354->108226 w=15 p=1.00; 345957->355354 w=13 p=0.77,data\processed\passes_En_Directo_Liverpool_1-0_Everton_-_Premier_League_2024_2025.gpickle
En Directo Liverpool 1-1 Crystal Palace - Premier League 2024_2025.csv,31,291,100.0,100.0,19.49,16.76,45.01,95408->115726 w=21 p=1.00; 115726->95408 w=12 p=0.83; 389579->344166 w=12 p=0.75,data\processed\passes_En_Directo_Liverpool_1-1_Crystal_Palace_-_Premier_League_2024_2025.gpickle
En Directo Liverpool 2-0 Aston Villa - Premier League 2024_2025.csv,31,243,100.0,100.0,17.18,15.32,36.19,115726->95408 w=15 p=1.00; 301440->134984 w=15 p=0.93; 95408->115726 w=14 p=0.93,data\processed\passes_En_Directo_Liverpool_2-0_Aston_Villa_-_Premier_League_2024_2025.gpickle
En Directo Liverpool 2-0 Brentford - Premier League 2024_2025.csv,31,280,100.0,100.0,17.71,15.26,43.11,372724->115131 w=18 p=1.00; 329554->372724 w=17 p=0.94; 372724->329554 w=12 p=0.92,data\processed\passes_En_Directo_Liverpool_2-0_Brentford_-_Premier_League_2024_2025.gpickle
En Directo Liverpool 2-0 Manchester City - Premier League 2024_2025.csv,30,243,100.0,100.0,17.52,14.97,40.21,69778->136741 w=13 p=0.77; 136741->122945 w=13 p=0.77; 297390->313171 w=12 p=1.00,data\processed\passes_En_Directo_Liverpool_2-0_Manchester_City_-_Premier_League_2024_2025.gpickle
En Directo Liverpool 2-0 Newcastle - Premier League 2024_2025.csv,32,264,100.0,100.0,18.44,16.78,36.66,338780->82726 w=16 p=1.00; 95408->301455 w=14 p=1.00; 345957->95408 w=12 p=0.92,data\processed\passes_En_Directo_Liverpool_2-0_Newcastle_-_Premier_League_2024_2025.gpickle
En Directo Liverpool 2-1 Brighton - Premier League 2024_2025.csv,31,258,100.0,100.0,17.62,14.96,37.41,95408->301455 w=18 p=0.89; 301455->352825 w=13 p=1.00; 95408->345957 w=11 p=0.91,data\processed\passes_En_Directo_Liverpool_2-1_Brighton_-_Premier_League_2024_2025.gpickle
En Directo Liverpool 2-1 West Ham - Premier League 2024_2025.csv,30,232,100.0,100.0,18.8,16.37,36.94,105172->319756 w=13 p=1.00; 351127->361710 w=11 p=1.00; 361710->351127 w=11 p=1.00,data\processed\passes_En_Directo_Liverpool_2-1_West_Ham_-_Premier_League_2024_2025.gpickle
En Directo Liverpool 2-1 Wolves - Premier League 2024_2025.csv,31,250,100.0,100.0,17.71,15.54,40.31,355401->362758 w=16 p=0.88; 115726->95408 w=11 p=0.82; 122714->402810 w=10 p=1.00,data\processed\passes_En_Directo_Liverpool_2-1_Wolves_-_Premier_League_2024_2025.gpickle
En Directo Liverpool 2-2 Arsenal - Premier League 2024_2025.csv,30,248,100.0,100.0,19.17,15.61,44.75,115726->95408 w=13 p=0.85; 114147->95408 w=13 p=1.00; 95408->115726 w=11 p=1.00,data\processed\passes_En_Directo_Liverpool_2-2_Arsenal_-_Premier_League_2024_2025.gpickle
En Directo Liverpool 2-2 Fulham - Premier League 2024_2025.csv,30,260,100.0,100.0,18.78,16.47,40.3,306581->136824 w=11 p=0.82; 95408->363884 w=11 p=1.00; 136451->95408 w=10 p=1.00,data\processed\passes_En_Directo_Liverpool_2-2_Fulham_-_Premier_League_2024_2025.gpickle
En Directo Liverpool 2-2 Manchester United - Premier League 2024_2025.csv,28,226,100.0,100.0,18.56,16.37,43.9,353418->123761 w=19 p=0.63; 349932->386634 w=10 p=0.80; 345957->318871 w=9 p=0.67,data\processed\passes_En_Directo_Liverpool_2-2_Manchester_United_-_Premier_League_2024_2025.gpickle
En Directo Liverpool 3-0 Bournemouth - Premier League 2024_2025.csv,30,260,100.0,100.0,17.84,15.96,39.22,322176->345957 w=16 p=0.88; 399826->371039 w=13 p=0.92; 468852->399826 w=13 p=1.00,data\processed\passes_En_Directo_Liverpool_3-0_Bournemouth_-_Premier_League_2024_2025.gpickle
En Directo Liverpool 3-1 Leicester - Premier League 2024_2025.csv,31,270,100.0,100.0,17.79,15.13,38.52,95408->115726 w=24 p=0.96; 136451->318871 w=22 p=1.00; 115726->95408 w=18 p=0.94,data\processed\passes_En_Directo_Liverpool_3-1_Leicester_-_Premier_League_2024_2025.gpickle
En Directo Liverpool 3-1 Southampton - Premier League 2024_2025.csv,34,280,100.0,100.0,18.18,14.99,43.37,345957->318871 w=21 p=0.95; 345957->95408 w=18 p=1.00; 318871->345957 w=15 p=0.93,data\processed\passes_En_Directo_Liverpool_3-1_Southampton_-_Premier_League_2024_2025.gpickle
En Directo Liverpool 4-1 Ipswich - Premier League 2024_2025.csv,32,256,100.0,100.0,17.61,15.16,42.01,345957->95408 w=26 p=1.00; 95408->345957 w=22 p=1.00; 95408->115726 w=22 p=1.00,data\processed\passes_En_Directo_Liverpool_4-1_Ipswich_-_Premier_League_2024_2025.gpickle
En Directo Liverpool 5-1 Tottenham - Premier League 2024_2025.csv,31,252,100.0,100.0,18.25,15.96,39.86,103837->147863 w=20 p=0.95; 362219->330816 w=15 p=0.87; 330816->362219 w=14 p=0.79,data\processed\passes_En_Directo_Liverpool_5-1_Tottenham_-_Premier_League_2024_2025.gpickle
En Directo Manchester City 1-1 Everton - Premier League 2024_2025.csv,28,246,100.0,100.0,18.07,15.62,41.47,93894->402664 w=17 p=0.94; 402664->93894 w=14 p=0.86; 444791->297390 w=13 p=0.92,data\processed\passes_En_Directo_Manchester_City_1-1_Everton_-_Premier_League_2024_2025.gpickle
En Directo Manchester City 1-2 Manchester United - Premier League 2024_2025.csv,30,235,100.0,100.0,18.05,15.06,40.07,320374->349932 w=18 p=0.89; 349932->320374 w=12 p=0.92; 69778->77464 w=11 p=0.91,data\processed\passes_En_Directo_Manchester_City_1-2_Manchester_United_-_Premier_League_2024_2025.gpickle
En Directo Manchester City 2-0 Leicester - Premier League 2024_2025.csv,31,242,100.0,100.0,17.11,14.34,36.56,394933->313171 w=25 p=1.00; 313171->394933 w=25 p=0.96; 313171->402664 w=22 p=1.00,data\processed\passes_En_Directo_Manchester_City_2-0_Leicester_-_Premier_League_2024_2025.gpickle
En Directo Manchester City 2-1 Aston Villa - Premier League 2024_2025.csv,28,220,100.0,100.0,19.62,16.44,45.27,102248->344259 w=15 p=1.00; 301440->102248 w=12 p=1.00; 344259->102248 w=12 p=0.83,data\processed\passes_En_Directo_Manchester_City_2-1_Aston_Villa_-_Premier_League_2024_2025.gpickle
En Directo Manchester City 2-1 Brentford - Premier League 2024_2025.csv,30,252,100.0,100.0,17.51,15.19,33.73,342499->115131 w=14 p=0.93; 297390->121774 w=13 p=1.00; 115131->342499 w=10 p=0.90,data\processed\passes_En_Directo_Manchester_City_2-1_Brentford_-_Premier_League_2024_2025.gpickle
En Directo Manchester City 2-2 Arsenal - Premier League 2024_2025.csv,30,216,100.0,100.0,17.59,14.25,42.82,313171->69778 w=18 p=1.00; 297390->313171 w=17 p=0.94; 69778->313171 w=16 p=1.00,data\processed\passes_En_Directo_Manchester_City_2-2_Arsenal_-_Premier_League_2024_2025.gpickle
En Directo Manchester City 2-2 Brighton - Premier League 2024_2025.csv,30,232,100.0,100.0,17.22,15.61,36.38,298694->109922 w=16 p=0.94; 400138->109922 w=13 p=0.92; 109922->400138 w=13 p=0.92,data\processed\passes_En_Directo_Manchester_City_2-2_Brighton_-_Premier_League_2024_2025.gpickle
En Directo Manchester City 3-0 Nottingham Forest - Premier League 2024_2025.csv,30,246,100.0,100.0,17.36,14.35,38.58,122945->313171 w=14 p=1.00; 122945->77464 w=12 p=1.00; 313171->77464 w=12 p=0.92,data\processed\passes_En_Directo_Manchester_City_3-0_Nottingham_Forest_-_Premier_League_2024_2025.gpickle
En Directo Manchester City 3-1 Bournemouth - Premier League 2024_2025.csv,31,254,100.0,100.0,17.59,14.65,40.84,424273->468852 w=22 p=0.91; 344314->424273 w=14 p=0.86; 468852->344314 w=12 p=1.00,data\processed\passes_En_Directo_Manchester_City_3-1_Bournemouth_-_Premier_League_2024_2025.gpickle
En Directo Manchester City 3-1 Chelsea - Premier League 2024_2025.csv,27,243,100.0,100.0,17.98,15.29,39.46,363496->421351 w=19 p=0.95; 421351->363496 w=16 p=1.00; 421351->362151 w=16 p=1.00,data\processed\passes_En_Directo_Manchester_City_3-1_Chelsea_-_Premier_League_2024_2025.gpickle
En Directo Manchester City 4-0 Newcastle - Premier League 2024_2025.csv,32,265,100.0,100.0,17.64,14.81,40.41,82277->430294 w=15 p=0.93; 422939->444791 w=14 p=0.93; 493206->422939 w=13 p=1.00,data\processed\passes_En_Directo_Manchester_City_4-0_Newcastle_-_Premier_League_2024_2025.gpickle
En Directo Manchester City 4-1 Ipswich - Premier League 2024_2025.csv,32,253,100.0,100.0,15.86,13.9,32.25,297390->444791 w=20 p=1.00; 297390->313171 w=18 p=1.00; 402664->313171 w=17 p=0.94,data\processed\passes_En_Directo_Manchester_City_4-1_Ipswich_-_Premier_League_2024_2025.gpickle
En Directo Manchester City 4-1 West Ham - Premier League 2024_2025.csv,29,266,100.0,100.0,17.89,15.71,36.25,331254->444791 w=10 p=0.80; 111372->319756 w=10 p=1.00; 319756->331924 w=10 p=0.90,data\processed\passes_En_Directo_Manchester_City_4-1_West_Ham_-_Premier_League_2024_2025.gpickle
En Directo Manchester City 5-2 Crystal Palace - Premier League 2024_2025.csv,32,273,100.0,100.0,16.36,14.36,33.64,444791->313171 w=19 p=0.95; 313171->444791 w=19 p=0.68; 468847->402664 w=17 p=0.88,data\processed\passes_En_Directo_Manchester_City_5-2_Crystal_Palace_-_Premier_League_2024_2025.gpickle
En Directo Manchester United 0-0 Manchester City - Premier League 2024_2025.csv,28,238,100.0,100.0,17.06,14.56,38.53,349932->353418 w=13 p=0.92; 394933->313171 w=13 p=0.92; 353418->349932 w=13 p=1.00,data\processed\passes_En_Directo_Manchester_United_0-0_Manchester_City_-_Premier_League_2024_2025.gpickle
En Directo Manchester United 0-1 Wolves - Premier League 2024_2025.csv,31,249,100.0,100.0,16.81,14.3,42.23,362758->355401 w=11 p=0.82; 402810->431283 w=11 p=0.91; 397585->362758 w=11 p=1.00,data\processed\passes_En_Directo_Manchester_United_0-1_Wolves_-_Premier_League_2024_2025.gpickle
En Directo Manchester United 0-2 Crystal Palace - Premier League 2024_2025.csv,30,267,100.0,100.0,17.31,14.87,40.56,386634->123761 w=12 p=0.92; 123761->99487 w=12 p=0.67; 123761->386634 w=11 p=0.82,data\processed\passes_En_Directo_Manchester_United_0-2_Crystal_Palace_-_Premier_League_2024_2025.gpickle
En Directo Manchester United 0-2 Newcastle - Premier League 2024_2025.csv,29,265,100.0,100.0,17.95,14.48,46.97,340105->88526 w=14 p=0.93; 88526->340105 w=10 p=1.00; 343501->338780 w=9 p=0.89,data\processed\passes_En_Directo_Manchester_United_0-2_Newcastle_-_Premier_League_2024_2025.gpickle
En Directo Manchester United 0-2 West Ham - Premier League 2024_2025.csv,32,278,100.0,100.0,17.23,14.58,40.51,303876->105172 w=12 p=1.00; 92516->361710 w=11 p=0.82; 368310->68049 w=10 p=1.00,data\processed\passes_En_Directo_Manchester_United_0-2_West_Ham_-_Premier_League_2024_2025.gpickle
En Directo Manchester United 0-3 Bournemouth - Premier League 2024_2025.csv,30,262,100.0,100.0,18.67,15.23,46.09,123761->460260 w=11 p=0.55; 345303->123761 w=11 p=0.82; 123761->386634 w=10 p=0.90,data\processed\passes_En_Directo_Manchester_United_0-3_Bournemouth_-_Premier_League_2024_2025.gpickle
En Directo Manchester United 0-3 Tottenham - Premier League 2024_2025.csv,32,283,100.0,100.0,17.35,15.24,35.25,303657->323663 w=18 p=1.00; 323663->303657 w=15 p=1.00; 425229->323663 w=13 p=1.00,data\processed\passes_En_Directo_Manchester_United_0-3_Tottenham_-_Premier_League_2024_2025.gpickle
En Directo Manchester United 1-0 Fulham - Premier League 2024_2025.csv,32,263,100.0,100.0,16.93,14.91,36.46,92173->396976 w=14 p=1.00; 396976->306581 w=13 p=0.92; 306581->136824 w=10 p=0.90,data\processed\passes_En_Directo_Manchester_United_1-0_Fulham_-_Premier_League_2024_2025.gpickle
En Directo Manchester United 1-1 Arsenal - Premier League 2024_2025.csv,28,242,100.0,100.0,17.74,14.76,42.58,361822->334087 w=16 p=0.94; 388650->361822 w=14 p=0.71; 361822->388650 w=11 p=0.91,data\processed\passes_En_Directo_Manchester_United_1-1_Arsenal_-_Premier_League_2024_2025.gpickle
En Directo Manchester United 1-3 Brighton - Premier League 2024_2025.csv,31,236,100.0,100.0,16.85,14.64,38.87,320374->99487 w=16 p=0.94; 86441->365402 w=15 p=0.93; 99487->320374 w=10 p=1.00,data\processed\passes_En_Directo_Manchester_United_1-3_Brighton_-_Premier_League_2024_2025.gpickle
En Directo Manchester United 2-0 Aston Villa - Premier League 2024_2025.csv,32,274,100.0,100.0,18.91,16.29,46.9,495260->123761 w=15 p=0.80; 495260->88526 w=12 p=0.92; 88526->123761 w=10 p=1.00,data\processed\passes_En_Directo_Manchester_United_2-0_Aston_Villa_-_Premier_League_2024_2025.gpickle
En Directo Manchester United 2-3 Nottingham Forest - Premier League 2024_2025.csv,31,275,100.0,100.0,17.15,14.82,40.37,320374->340105 w=16 p=1.00; 353418->340105 w=12 p=0.67; 340105->320374 w=11 p=1.00,data\processed\passes_En_Directo_Manchester_United_2-3_Nottingham_Forest_-_Premier_League_2024_2025.gpickle
En Directo Manchester United 3-0 Leicester - Premier League 2024_2025.csv,29,253,100.0,100.0,17.52,15.33,38.99,299693->87182 w=14 p=0.93; 301441->345664 w=13 p=1.00; 87182->143990 w=13 p=1.00,data\processed\passes_En_Directo_Manchester_United_3-0_Leicester_-_Premier_League_2024_2025.gpickle
En Directo Manchester United 3-1 Southampton - Premier League 2024_2025.csv,32,281,100.0,100.0,16.87,15.0,37.46,437299->386634 w=12 p=1.00; 342877->313672 w=11 p=1.00; 313672->384061 w=10 p=0.90,data\processed\passes_En_Directo_Manchester_United_3-1_Southampton_-_Premier_League_2024_2025.gpickle
En Directo Manchester United 3-2 Ipswich - Premier League 2024_2025.csv,31,228,100.0,100.0,18.56,16.05,41.34,381161->366211 w=13 p=0.85; 362826->299271 w=12 p=1.00; 362826->381161 w=12 p=0.92,data\processed\passes_En_Directo_Manchester_United_3-2_Ipswich_-_Premier_League_2024_2025.gpickle
En Directo Manchester United 4-0 Everton - Premier League 2024_2025.csv,32,290,100.0,100.0,17.14,14.94,35.97,131464->8166 w=11 p=1.00; 381045->116317 w=10 p=1.00; 110189->381045 w=9 p=1.00,data\processed\passes_En_Directo_Manchester_United_4-0_Everton_-_Premier_League_2024_2025.gpickle
En Directo Newcastle 0-1 Everton - Premier League 2024_2025.csv,29,251,100.0,100.0,18.91,15.5,37.09,424495->110189 w=14 p=0.93; 110189->380546 w=12 p=0.83; 338780->343501 w=10 p=0.90,data\processed\passes_En_Directo_Newcastle_0-1_Everton_-_Premier_League_2024_2025.gpickle
En Directo Newcastle 0-2 West Ham - Premier League 2024_2025.csv,32,283,100.0,100.0,17.9,15.24,40.06,313542->319756 w=14 p=0.93; 331924->322596 w=13 p=1.00; 319756->331924 w=12 p=0.83,data\processed\passes_En_Directo_Newcastle_0-2_West_Ham_-_Premier_League_2024_2025.gpickle
En Directo Newcastle 1-0 Arsenal - Premier League 2024_2025.csv,30,241,100.0,100.0,18.3,16.0,43.32,361822->334087 w=13 p=1.00; 430294->338780 w=11 p=0.64; 430294->201755 w=11 p=0.91,data\processed\passes_En_Directo_Newcastle_1-0_Arsenal_-_Premier_League_2024_2025.gpickle
En Directo Newcastle 1-0 Southampton - Premier League 2024_2025.csv,30,246,100.0,100.0,17.14,14.23,40.72,384061->337428 w=17 p=0.94; 384061->136742 w=17 p=0.94; 337428->390036 w=16 p=1.00,data\processed\passes_En_Directo_Newcastle_1-0_Southampton_-_Premier_League_2024_2025.gpickle
En Directo Newcastle 1-1 Manchester City - Premier League 2024_2025.csv,28,236,100.0,100.0,17.9,14.46,44.8,83078->338780 w=15 p=0.93; 105720->82726 w=14 p=0.93; 313171->121774 w=12 p=0.92,data\processed\passes_En_Directo_Newcastle_1-1_Manchester_City_-_Premier_League_2024_2025.gpickle
En Directo Newcastle 1-2 Fulham - Premier League 2024_2025.csv,30,256,100.0,100.0,19.09,16.54,40.87,82726->82277 w=14 p=0.71; 82277->82726 w=11 p=1.00; 83078->343501 w=11 p=0.91,data\processed\passes_En_Directo_Newcastle_1-2_Fulham_-_Premier_League_2024_2025.gpickle
En Directo Newcastle 1-4 Bournemouth - Premier League 2024_2025.csv,27,244,100.0,100.0,17.88,14.77,39.98,82277->430294 w=10 p=0.90; 46092->82277 w=10 p=0.60; 424273->357073 w=8 p=0.88,data\processed\passes_En_Directo_Newcastle_1-4_Bournemouth_-_Premier_League_2024_2025.gpickle
En Directo Newcastle 2-0 Chelsea - Premier League 2024_2025.csv,29,247,100.0,100.0,19.18,16.63,43.23,82277->415174 w=10 p=0.80; 421351->362151 w=10 p=1.00; 353292->421351 w=9 p=0.89,data\processed\passes_En_Directo_Newcastle_2-0_Chelsea_-_Premier_League_2024_2025.gpickle
En Directo Newcastle 2-1 Brentford - Premier League 2024_2025.csv,29,244,100.0,100.0,19.05,16.16,38.7,115131->368512 w=10 p=0.50; 115131->372724 w=9 p=0.67; 372724->351705 w=8 p=0.62,data\processed\passes_En_Directo_Newcastle_2-1_Brentford_-_Premier_League_2024_2025.gpickle
En Directo Newcastle 2-1 Tottenham - Premier League 2024_2025.csv,29,277,100.0,100.0,17.36,14.36,47.62,137015->303096 w=10 p=0.40; 299254->349669 w=8 p=0.75; 415174->141486 w=8 p=0.88,data\processed\passes_En_Directo_Newcastle_2-1_Tottenham_-_Premier_League_2024_2025.gpickle
En Directo Newcastle 3-0 Aston Villa - Premier League 2024_2025.csv,32,253,100.0,100.0,17.85,15.71,40.72,102248->344259 w=12 p=0.75; 343501->430294 w=10 p=1.00; 82277->82726 w=10 p=1.00,data\processed\passes_En_Directo_Newcastle_3-0_Aston_Villa_-_Premier_League_2024_2025.gpickle
En Directo Newcastle 3-0 Ipswich - Premier League 2024_2025.csv,31,254,100.0,100.0,18.03,15.48,37.54,83078->343501 w=20 p=0.90; 82726->83078 w=18 p=0.94; 343501->83078 w=17 p=0.94,data\processed\passes_En_Directo_Newcastle_3-0_Ipswich_-_Premier_League_2024_2025.gpickle
En Directo Newcastle 3-0 Wolves - Premier League 2024_2025.csv,32,277,100.0,100.0,17.48,15.03,43.13,82277->430294 w=16 p=1.00; 430294->82277 w=12 p=1.00; 355401->402810 w=11 p=0.91,data\processed\passes_En_Directo_Newcastle_3-0_Wolves_-_Premier_League_2024_2025.gpickle
En Directo Newcastle 3-3 Liverpool - Premier League 2024_2025.csv,28,234,100.0,100.0,17.98,14.61,45.2,430294->201755 w=13 p=0.77; 82726->82277 w=12 p=1.00; 415174->82726 w=12 p=1.00,data\processed\passes_En_Directo_Newcastle_3-3_Liverpool_-_Premier_League_2024_2025.gpickle
En Directo Newcastle 4-0 Leicester - Premier League 2024_2025.csv,32,262,100.0,100.0,16.76,14.69,35.1,343501->83078 w=13 p=1.00; 82726->83078 w=13 p=0.92; 83078->82726 w=13 p=1.00,data\processed\passes_En_Directo_Newcastle_4-0_Leicester_-_Premier_League_2024_2025.gpickle
En Directo Newcastle 4-1 Manchester United - Premier League 2024_2025.csv,31,261,100.0,100.0,17.15,14.04,44.37,83078->141486 w=18 p=0.89; 141486->83078 w=15 p=0.80; 82277->82726 w=12 p=0.92,data\processed\passes_En_Directo_Newcastle_4-1_Manchester_United_-_Premier_League_2024_2025.gpickle
En Directo Newcastle 4-3 Nottingham Forest - Premier League 2024_2025.csv,27,237,100.0,100.0,17.82,15.54,39.89,445424->386969 w=11 p=0.64; 386969->402596 w=10 p=1.00; 402596->319785 w=10 p=0.90,data\processed\passes_En_Directo_Newcastle_4-3_Nottingham_Forest_-_Premier_League_2024_2025.gpickle
En Directo Newcastle 5-0 Crystal Palace - Premier League 2024_2025.csv,32,270,100.0,100.0,17.29,15.62,36.34,374631->133464 w=13 p=0.92; 401130->374631 w=11 p=0.91; 389579->374631 w=9 p=0.67,data\processed\passes_En_Directo_Newcastle_5-0_Crystal_Palace_-_Premier_League_2024_2025.gpickle
En Directo Nottingham Forest 0-0 Arsenal - Premier League 2024_2025.csv,30,247,100.0,100.0,18.11,15.54,42.35,276366->361822 w=11 p=0.91; 319785->445424 w=9 p=0.67; 350088->315543 w=9 p=0.89,data\processed\passes_En_Directo_Nottingham_Forest_0-0_Arsenal_-_Premier_League_2024_2025.gpickle
En Directo Nottingham Forest 0-1 Chelsea - Premier League 2024_2025.csv,28,246,100.0,100.0,19.11,15.88,49.51,361330->389935 w=17 p=1.00; 445424->386969 w=11 p=0.91; 421351->136464 w=10 p=0.90,data\processed\passes_En_Directo_Nottingham_Forest_0-1_Chelsea_-_Premier_League_2024_2025.gpickle
En Directo Nottingham Forest 0-1 Everton - Premier League 2024_2025.csv,27,238,100.0,100.0,19.76,17.91,44.15,445424->334653 w=13 p=0.69; 135374->350088 w=10 p=0.90; 334653->445424 w=10 p=1.00,data\processed\passes_En_Directo_Nottingham_Forest_0-1_Everton_-_Premier_League_2024_2025.gpickle
En Directo Nottingham Forest 0-1 Fulham - Premier League 2024_2025.csv,32,278,100.0,100.0,16.92,14.83,36.45,319785->445424 w=11 p=1.00; 342830->319785 w=11 p=0.91; 342830->445424 w=11 p=0.82,data\processed\passes_En_Directo_Nottingham_Forest_0-1_Fulham_-_Premier_League_2024_2025.gpickle
En Directo Nottingham Forest 0-2 Brentford - Premier League 2024_2025.csv,31,241,100.0,100.0,18.57,15.83,40.89,386969->402596 w=9 p=0.78; 402596->386969 w=9 p=0.56; 315543->413211 w=9 p=0.89,data\processed\passes_En_Directo_Nottingham_Forest_0-2_Brentford_-_Premier_League_2024_2025.gpickle
En Directo Nottingham Forest 1-0 Ipswich - Premier League 2024_2025.csv,32,241,100.0,100.0,17.98,14.76,38.65,362826->299271 w=11 p=1.00; 362426->362826 w=10 p=1.00; 231118->366211 w=9 p=0.89,data\processed\passes_En_Directo_Nottingham_Forest_1-0_Ipswich_-_Premier_League_2024_2025.gpickle
En Directo Nottingham Forest 1-0 Manchester City - Premier League 2024_2025.csv,30,261,100.0,100.0,17.7,15.23,38.29,313171->402664 w=17 p=1.00; 402664->313171 w=16 p=0.94; 445424->386969 w=14 p=0.79,data\processed\passes_En_Directo_Nottingham_Forest_1-0_Manchester_City_-_Premier_League_2024_2025.gpickle
En Directo Nottingham Forest 1-0 Manchester United - Premier League 2024_2025.csv,31,281,100.0,100.0,18.16,16.13,42.21,495260->437022 w=17 p=0.88; 353418->123761 w=14 p=0.93; 332867->402596 w=13 p=0.77,data\processed\passes_En_Directo_Nottingham_Forest_1-0_Manchester_United_-_Premier_League_2024_2025.gpickle
En Directo Nottingham Forest 1-0 Tottenham - Premier League 2024_2025.csv,32,279,100.0,100.0,18.08,15.76,39.84,429922->400097 w=13 p=1.00; 332867->350088 w=12 p=0.92; 362219->400097 w=11 p=0.91,data\processed\passes_En_Directo_Nottingham_Forest_1-0_Tottenham_-_Premier_League_2024_2025.gpickle
En Directo Nottingham Forest 1-1 Bournemouth - Premier League 2024_2025.csv,32,294,100.0,100.0,17.72,15.38,38.96,468852->399826 w=17 p=0.76; 468852->424273 w=12 p=0.83; 76202->399826 w=12 p=0.75,data\processed\passes_En_Directo_Nottingham_Forest_1-1_Bournemouth_-_Premier_League_2024_2025.gpickle
En Directo Nottingham Forest 1-1 Liverpool - Premier League 2024_2025.csv,30,269,100.0,100.0,19.72,15.78,49.87,369875->108226 w=12 p=1.00; 318871->369875 w=12 p=0.83; 350088->332867 w=11 p=1.00,data\processed\passes_En_Directo_Nottingham_Forest_1-1_Liverpool_-_Premier_League_2024_2025.gpickle
En Directo Nottingham Forest 1-1 Wolves - Premier League 2024_2025.csv,31,233,100.0,100.0,20.22,16.57,52.25,445424->315543 w=14 p=0.86; 315543->445424 w=12 p=0.75; 315543->402596 w=10 p=0.70,data\processed\passes_En_Directo_Nottingham_Forest_1-1_Wolves_-_Premier_League_2024_2025.gpickle
En Directo Nottingham Forest 1-3 Newcastle - Premier League 2024_2025.csv,29,263,100.0,100.0,19.12,15.34,51.18,342830->315543 w=13 p=0.85; 82277->430294 w=12 p=1.00; 315543->342830 w=12 p=0.75,data\processed\passes_En_Directo_Nottingham_Forest_1-3_Newcastle_-_Premier_League_2024_2025.gpickle
En Directo Nottingham Forest 2-1 Aston Villa - Premier League 2024_2025.csv,30,250,100.0,100.0,16.94,14.88,35.9,134984->102248 w=13 p=1.00; 344259->134984 w=12 p=1.00; 134984->301440 w=12 p=0.92,data\processed\passes_En_Directo_Nottingham_Forest_2-1_Aston_Villa_-_Premier_League_2024_2025.gpickle
En Directo Nottingham Forest 2-2 Leicester - Premier League 2024_2025.csv,30,251,100.0,100.0,19.31,16.31,44.14,301441->97710 w=13 p=1.00; 407587->299693 w=10 p=0.90; 97710->407587 w=10 p=1.00,data\processed\passes_En_Directo_Nottingham_Forest_2-2_Leicester_-_Premier_League_2024_2025.gpickle
En Directo Nottingham Forest 3-0 West Ham - Premier League 2024_2025.csv,28,227,100.0,100.0,18.6,15.56,45.75,135374->350088 w=21 p=0.90; 350088->334653 w=12 p=0.92; 334653->135374 w=12 p=0.92,data\processed\passes_En_Directo_Nottingham_Forest_3-0_West_Ham_-_Premier_League_2024_2025.gpickle
En Directo Nottingham Forest 3-2 Southampton - Premier League 2024_2025.csv,32,268,100.0,100.0,18.63,15.87,46.81,386969->332867 w=11 p=0.82; 136742->384061 w=11 p=1.00; 332867->413211 w=10 p=0.90,data\processed\passes_En_Directo_Nottingham_Forest_3-2_Southampton_-_Premier_League_2024_2025.gpickle
En Directo Nottingham Forest 7-0 Brighton - Premier League 2024_2025.csv,31,257,100.0,100.0,17.96,16.1,40.42,386979->86441 w=11 p=0.91; 315543->332867 w=11 p=0.82; 86441->365402 w=11 p=0.91,data\processed\passes_En_Directo_Nottingham_Forest_7-0_Brighton_-_Premier_League_2024_2025.gpickle
En Directo Southampton 0-0 Manchester City - Premier League 2024_2025.csv,31,221,100.0,100.0,18.13,15.85,37.13,313171->73084 w=15 p=0.80; 297390->73084 w=13 p=1.00; 297390->313171 w=11 p=1.00,data\processed\passes_En_Directo_Southampton_0-0_Manchester_City_-_Premier_League_2024_2025.gpickle
En Directo Southampton 0-1 Nottingham Forest - Premier League 2024_2025.csv,32,274,100.0,100.0,17.36,15.01,33.27,136742->92550 w=22 p=1.00; 92550->136742 w=21 p=1.00; 136742->384061 w=13 p=1.00,data\processed\passes_En_Directo_Southampton_0-1_Nottingham_Forest_-_Premier_League_2024_2025.gpickle
En Directo Southampton 0-1 West Ham - Premier League 2024_2025.csv,34,287,100.0,100.0,19.54,16.43,45.6,384061->379783 w=16 p=0.88; 361334->313672 w=16 p=0.88; 313672->361334 w=14 p=0.79,data\processed\passes_En_Directo_Southampton_0-1_West_Ham_-_Premier_League_2024_2025.gpickle
En Directo Southampton 0-3 Aston Villa - Premier League 2024_2025.csv,32,255,100.0,100.0,16.95,15.2,32.65,332402->92550 w=16 p=0.88; 384134->123167 w=15 p=1.00; 92550->332402 w=14 p=0.93,data\processed\passes_En_Directo_Southampton_0-3_Aston_Villa_-_Premier_League_2024_2025.gpickle
En Directo Southampton 0-3 Manchester United - Premier League 2024_2025.csv,32,281,100.0,100.0,16.04,14.58,32.11,340105->353418 w=17 p=1.00; 92550->379783 w=16 p=0.88; 92550->136742 w=11 p=1.00,data\processed\passes_En_Directo_Southampton_0-3_Manchester_United_-_Premier_League_2024_2025.gpickle
En Directo Southampton 0-4 Brighton - Premier League 2024_2025.csv,32,266,100.0,100.0,18.14,14.91,41.3,109922->400138 w=12 p=1.00; 386979->109922 w=12 p=1.00; 400138->109922 w=11 p=0.82,data\processed\passes_En_Directo_Southampton_0-4_Brighton_-_Premier_League_2024_2025.gpickle
En Directo Southampton 0-5 Brentford - Premier League 2024_2025.csv,30,255,100.0,100.0,17.26,15.06,39.75,353377->329554 w=11 p=0.91; 372724->329554 w=10 p=0.70; 329554->353377 w=10 p=1.00,data\processed\passes_En_Directo_Southampton_0-5_Brentford_-_Premier_League_2024_2025.gpickle
En Directo Southampton 0-5 Tottenham - Premier League 2024_2025.csv,29,247,100.0,100.0,17.74,16.29,39.89,384061->361334 w=19 p=1.00; 361334->384061 w=15 p=1.00; 38577->384061 w=14 p=0.93,data\processed\passes_En_Directo_Southampton_0-5_Tottenham_-_Premier_League_2024_2025.gpickle
En Directo Southampton 1-1 Crystal Palace - Premier League 2024_2025.csv,32,246,100.0,100.0,18.06,15.74,41.84,316858->384061 w=16 p=0.88; 332402->92550 w=12 p=0.92; 384061->313672 w=11 p=0.91,data\processed\passes_En_Directo_Southampton_1-1_Crystal_Palace_-_Premier_League_2024_2025.gpickle
En Directo Southampton 1-2 Fulham - Premier League 2024_2025.csv,30,264,100.0,100.0,17.06,15.18,35.33,231135->396976 w=15 p=1.00; 145996->231135 w=14 p=0.86; 316858->384061 w=13 p=0.46,data\processed\passes_En_Directo_Southampton_1-2_Fulham_-_Premier_League_2024_2025.gpickle
En Directo Southampton 1-3 Bournemouth - Premier League 2024_2025.csv,31,289,100.0,100.0,17.99,15.24,38.92,316858->122182 w=11 p=0.91; 424273->468852 w=10 p=0.80; 468852->424273 w=9 p=0.89,data\processed\passes_En_Directo_Southampton_1-3_Bournemouth_-_Premier_League_2024_2025.gpickle
En Directo Southampton 1-3 Newcastle - Premier League 2024_2025.csv,31,245,100.0,100.0,17.65,15.06,39.68,342877->384061 w=12 p=1.00; 415174->141486 w=12 p=0.92; 313672->148474 w=12 p=0.75,data\processed\passes_En_Directo_Southampton_1-3_Newcastle_-_Premier_League_2024_2025.gpickle
En Directo Southampton 1-5 Chelsea - Premier League 2024_2025.csv,30,228,100.0,100.0,17.68,15.36,39.31,403850->369430 w=17 p=1.00; 369430->403850 w=16 p=1.00; 300426->136464 w=16 p=1.00,data\processed\passes_En_Directo_Southampton_1-5_Chelsea_-_Premier_League_2024_2025.gpickle
En Directo Southampton 2-3 Liverpool - Premier League 2024_2025.csv,29,256,100.0,100.0,17.23,15.58,38.17,38577->337428 w=12 p=0.92; 337428->92550 w=12 p=0.92; 115726->95408 w=11 p=0.91,data\processed\passes_En_Directo_Southampton_2-3_Liverpool_-_Premier_League_2024_2025.gpickle
En Directo Tottenham 0-1 Arsenal - Premier League 2024_2025.csv,28,242,100.0,100.0,17.76,14.98,39.01,322036->367185 w=15 p=0.87; 276366->326413 w=9 p=1.00; 362352->362352 w=9 p=0.67,data\processed\passes_En_Directo_Tottenham_0-1_Arsenal_-_Premier_League_2024_2025.gpickle
En Directo Tottenham 0-1 Manchester City - Premier League 2024_2025.csv,30,238,100.0,100.0,17.99,16.32,34.59,429922->330816 w=16 p=0.88; 330816->429922 w=14 p=1.00; 402664->388098 w=13 p=0.69,data\processed\passes_En_Directo_Tottenham_0-1_Manchester_City_-_Premier_League_2024_2025.gpickle
En Directo Tottenham 0-2 Crystal Palace - Premier League 2024_2025.csv,30,237,100.0,100.0,18.86,16.5,44.11,330816->103837 w=15 p=0.87; 330816->362352 w=14 p=0.71; 103837->330816 w=13 p=1.00,data\processed\passes_En_Directo_Tottenham_0-2_Crystal_Palace_-_Premier_League_2024_2025.gpickle
En Directo Tottenham 1-0 Manchester United - Premier League 2024_2025.csv,28,228,100.0,100.0,17.77,15.95,36.82,353418->349932 w=20 p=0.95; 353418->123761 w=18 p=0.83; 123761->353418 w=16 p=0.94,data\processed\passes_En_Directo_Tottenham_1-0_Manchester_United_-_Premier_League_2024_2025.gpickle
En Directo Tottenham 1-1 Fulham - Premier League 2024_2025.csv,30,245,100.0,100.0,17.42,15.3,35.43,103837->400097 w=13 p=1.00; 401044->91909 w=12 p=1.00; 103837->401044 w=11 p=1.00,data\processed\passes_En_Directo_Tottenham_1-1_Fulham_-_Premier_League_2024_2025.gpickle
En Directo Tottenham 1-2 Ipswich - Premier League 2024_2025.csv,27,241,100.0,100.0,17.34,14.69,39.28,362352->362352 w=11 p=0.36; 400097->323663 w=10 p=1.00; 355855->362352 w=10 p=0.60,data\processed\passes_En_Directo_Tottenham_1-2_Ipswich_-_Premier_League_2024_2025.gpickle
En Directo Tottenham 1-2 Leicester - Premier League 2024_2025.csv,30,235,100.0,100.0,18.63,16.55,44.77,400097->362352 w=15 p=0.80; 400097->103837 w=12 p=0.92; 67491->301441 w=12 p=0.67,data\processed\passes_En_Directo_Tottenham_1-2_Leicester_-_Premier_League_2024_2025.gpickle
En Directo Tottenham 1-2 Newcastle - Premier League 2024_2025.csv,30,265,100.0,100.0,17.27,14.23,39.25,362219->429922 w=13 p=0.92; 429922->362219 w=9 p=0.89; 379732->415174 w=9 p=0.89,data\processed\passes_En_Directo_Tottenham_1-2_Newcastle_-_Premier_League_2024_2025.gpickle
En Directo Tottenham 1-2 Nottingham Forest - Premier League 2024_2025.csv,32,283,100.0,100.0,20.1,17.74,43.39,362352->303657 w=12 p=0.83; 330816->362352 w=12 p=1.00; 103837->330816 w=11 p=1.00,data\processed\passes_En_Directo_Tottenham_1-2_Nottingham_Forest_-_Premier_League_2024_2025.gpickle
En Directo Tottenham 1-4 Brighton - Premier League 2024_2025.csv,32,252,100.0,100.0,18.59,16.93,36.52,365402->109922 w=18 p=0.94; 109922->365402 w=15 p=1.00; 365402->445059 w=13 p=0.92,data\processed\passes_En_Directo_Tottenham_1-4_Brighton_-_Premier_League_2024_2025.gpickle
En Directo Tottenham 2-2 Bournemouth - Premier League 2024_2025.csv,31,287,100.0,100.0,17.53,14.84,42.37,136456->362837 w=10 p=0.90; 362837->136456 w=10 p=0.80; 468852->113880 w=9 p=1.00,data\processed\passes_En_Directo_Tottenham_2-2_Bournemouth_-_Premier_League_2024_2025.gpickle
En Directo Tottenham 3-1 Brentford - Premier League 2024_2025.csv,31,266,100.0,100.0,17.17,15.26,37.45,342499->115131 w=19 p=0.95; 372724->342499 w=12 p=0.83; 115131->342499 w=11 p=0.82,data\processed\passes_En_Directo_Tottenham_3-1_Brentford_-_Premier_League_2024_2025.gpickle
En Directo Tottenham 3-1 Southampton - Premier League 2024_2025.csv,32,247,100.0,100.0,17.5,15.95,32.79,136742->384061 w=21 p=1.00; 384061->136742 w=19 p=0.95; 313672->438067 w=19 p=0.89,data\processed\passes_En_Directo_Tottenham_3-1_Southampton_-_Premier_League_2024_2025.gpickle
En Directo Tottenham 3-4 Chelsea - Premier League 2024_2025.csv,32,251,100.0,100.0,18.33,16.05,45.26,29796->425229 w=12 p=0.92; 425229->91909 w=10 p=1.00; 369430->346300 w=9 p=1.00,data\processed\passes_En_Directo_Tottenham_3-4_Chelsea_-_Premier_League_2024_2025.gpickle
En Directo Tottenham 3-6 Liverpool - Premier League 2024_2025.csv,29,242,100.0,100.0,16.14,14.6,36.42,429922->362219 w=15 p=0.80; 362219->429922 w=15 p=1.00; 400097->362352 w=13 p=1.00,data\processed\passes_En_Directo_Tottenham_3-6_Liverpool_-_Premier_League_2024_2025.gpickle
En Directo West Ham 0-1 Brentford - Premier League 2024_2025.csv,30,264,100.0,100.0,19.03,16.19,40.81,368512->401168 w=11 p=0.73; 321085->101856 w=10 p=0.70; 372724->321085 w=10 p=1.00,data\processed\passes_En_Directo_West_Ham_0-1_Brentford_-_Premier_League_2024_2025.gpickle
En Directo West Ham 0-1 Newcastle - Premier League 2024_2025.csv,30,257,100.0,100.0,18.06,15.36,44.06,459708->105172 w=12 p=1.00; 331924->105172 w=10 p=1.00; 368310->459708 w=10 p=1.00,data\processed\passes_En_Directo_West_Ham_0-1_Newcastle_-_Premier_League_2024_2025.gpickle
En Directo West Ham 0-2 Crystal Palace - Premier League 2024_2025.csv,31,272,100.0,100.0,17.76,16.18,36.64,368310->68049 w=13 p=1.00; 331924->400166 w=12 p=0.75; 322696->331924 w=12 p=1.00,data\processed\passes_En_Directo_West_Ham_0-2_Crystal_Palace_-_Premier_League_2024_2025.gpickle
En Directo West Ham 0-3 Chelsea - Premier League 2024_2025.csv,32,290,100.0,100.0,16.56,15.49,35.42,92516->368310 w=14 p=0.93; 351127->368310 w=12 p=0.92; 368310->351127 w=12 p=1.00,data\processed\passes_En_Directo_West_Ham_0-3_Chelsea_-_Premier_League_2024_2025.gpickle
En Directo West Ham 1-1 Brighton - Premier League 2024_2025.csv,32,259,100.0,100.0,20.2,17.43,47.82,298694->86441 w=13 p=0.92; 86441->400138 w=12 p=1.00; 86441->365402 w=11 p=1.00,data\processed\passes_En_Directo_West_Ham_1-1_Brighton_-_Premier_League_2024_2025.gpickle
En Directo West Ham 1-1 Southampton - Premier League 2024_2025.csv,30,224,100.0,100.0,17.01,13.92,39.04,136742->92550 w=22 p=0.95; 384061->313672 w=13 p=1.00; 384061->136742 w=13 p=0.92,data\processed\passes_En_Directo_West_Ham_1-1_Southampton_-_Premier_League_2024_2025.gpickle
En Directo West Ham 1-1 Tottenham - Premier League 2024_2025.csv,28,231,100.0,100.0,19.06,17.08,42.89,103837->147863 w=19 p=0.89; 103837->362219 w=18 p=0.78; 362219->103837 w=16 p=0.94,data\processed\passes_En_Directo_West_Ham_1-1_Tottenham_-_Premier_League_2024_2025.gpickle
En Directo West Ham 1-2 Aston Villa - Premier League 2024_2025.csv,32,245,100.0,100.0,18.95,16.18,43.01,351127->368310 w=14 p=1.00; 101955->368310 w=13 p=0.92; 368310->101955 w=13 p=0.77,data\processed\passes_En_Directo_West_Ham_1-2_Aston_Villa_-_Premier_League_2024_2025.gpickle
En Directo West Ham 1-2 Nottingham Forest - Premier League 2024_2025.csv,32,277,100.0,100.0,18.14,16.3,38.42,402596->386969 w=12 p=0.92; 361710->111372 w=11 p=0.91; 361710->368310 w=8 p=0.88,data\processed\passes_En_Directo_West_Ham_1-2_Nottingham_Forest_-_Premier_League_2024_2025.gpickle
En Directo West Ham 1-3 Manchester City - Premier League 2024_2025.csv,31,262,100.0,100.0,17.7,14.84,40.12,297390->136741 w=18 p=0.94; 136741->297390 w=16 p=0.88; 73084->93894 w=10 p=0.70,data\processed\passes_En_Directo_West_Ham_1-3_Manchester_City_-_Premier_League_2024_2025.gpickle
En Directo West Ham 2-1 Wolves - Premier League 2024_2025.csv,30,260,100.0,100.0,20.78,17.93,48.7,94042->296363 w=15 p=1.00; 296363->94042 w=12 p=0.75; 355401->362758 w=8 p=0.88,data\processed\passes_En_Directo_West_Ham_2-1_Wolves_-_Premier_League_2024_2025.gpickle
En Directo West Ham 2-2 Bournemouth - Premier League 2024_2025.csv,32,250,100.0,100.0,17.55,15.18,38.37,113880->468852 w=20 p=0.90; 468852->424273 w=12 p=0.83; 468852->399826 w=9 p=0.67,data\processed\passes_En_Directo_West_Ham_2-2_Bournemouth_-_Premier_League_2024_2025.gpickle
En Directo West Ham 2-5 Arsenal - Premier League 2024_2025.csv,32,281,100.0,100.0,17.21,15.17,38.7,361710->368310 w=11 p=1.00; 368310->20973 w=8 p=0.88; 361822->276366 w=8 p=0.88,data\processed\passes_En_Directo_West_Ham_2-5_Arsenal_-_Premier_League_2024_2025.gpickle
En Directo West Ham 3-2 Fulham - Premier League 2024_2025.csv,30,235,100.0,100.0,18.81,15.31,45.23,351127->331924 w=13 p=0.92; 331924->351127 w=13 p=0.85; 396976->231135 w=12 p=0.92,data\processed\passes_En_Directo_West_Ham_3-2_Fulham_-_Premier_League_2024_2025.gpickle
En Directo Wolves 0-1 Arsenal - Premier League 2024_2025.csv,29,221,100.0,100.0,17.7,15.64,40.44,402810->355401 w=13 p=0.62; 355401->402810 w=13 p=0.92; 402810->403693 w=12 p=0.75,data\processed\passes_En_Directo_Wolves_0-1_Arsenal_-_Premier_League_2024_2025.gpickle
En Directo Wolves 0-2 Brighton - Premier League 2024_2025.csv,32,289,100.0,100.0,18.16,14.95,37.54,445059->365402 w=15 p=0.80; 365402->445059 w=13 p=1.00; 402810->431283 w=10 p=1.00,data\processed\passes_En_Directo_Wolves_0-2_Brighton_-_Premier_League_2024_2025.gpickle
En Directo Wolves 0-3 Nottingham Forest - Premier League 2024_2025.csv,31,260,100.0,100.0,19.8,17.46,51.14,444241->94042 w=20 p=0.90; 403693->355401 w=12 p=0.83; 94042->444241 w=12 p=1.00,data\processed\passes_En_Directo_Wolves_0-3_Nottingham_Forest_-_Premier_League_2024_2025.gpickle
En Directo Wolves 1-0 West Ham - Premier League 2024_2025.csv,30,254,100.0,100.0,18.12,15.75,46.0,319756->331924 w=17 p=0.82; 331924->319756 w=17 p=0.88; 351127->331924 w=15 p=0.93,data\processed\passes_En_Directo_Wolves_1-0_West_Ham_-_Premier_League_2024_2025.gpickle
En Directo Wolves 1-1 Brentford - Premier League 2024_2025.csv,30,245,100.0,100.0,18.72,16.32,39.94,372724->115131 w=12 p=1.00; 444304->368512 w=12 p=1.00; 368512->401168 w=11 p=0.91,data\processed\passes_En_Directo_Wolves_1-1_Brentford_-_Premier_League_2024_2025.gpickle
En Directo Wolves 1-1 Everton - Premier League 2024_2025.csv,29,241,100.0,100.0,19.3,16.31,45.85,131464->110189 w=13 p=1.00; 431283->397585 w=12 p=1.00; 431283->402810 w=12 p=0.83,data\processed\passes_En_Directo_Wolves_1-1_Everton_-_Premier_League_2024_2025.gpickle
En Directo Wolves 1-2 Fulham - Premier League 2024_2025.csv,30,258,100.0,100.0,18.64,16.81,35.25,431283->355401 w=15 p=0.87; 403693->296363 w=14 p=0.93; 355401->431283 w=14 p=0.93,data\processed\passes_En_Directo_Wolves_1-2_Fulham_-_Premier_League_2024_2025.gpickle
En Directo Wolves 1-2 Ipswich - Premier League 2024_2025.csv,29,257,100.0,100.0,19.2,16.82,39.52,362426->231118 w=19 p=0.95; 231118->362426 w=14 p=1.00; 362826->231118 w=13 p=0.77,data\processed\passes_En_Directo_Wolves_1-2_Ipswich_-_Premier_League_2024_2025.gpickle
En Directo Wolves 1-2 Liverpool - Premier League 2024_2025.csv,28,250,100.0,100.0,17.02,14.93,38.42,345957->318871 w=14 p=0.93; 123481->105603 w=10 p=0.90; 363884->115726 w=10 p=1.00,data\processed\passes_En_Directo_Wolves_1-2_Liverpool_-_Premier_League_2024_2025.gpickle
En Directo Wolves 1-2 Newcastle - Premier League 2024_2025.csv,32,260,100.0,100.0,17.98,15.39,42.59,425060->105603 w=15 p=0.93; 355401->403693 w=13 p=0.77; 425060->73063 w=12 p=0.92,data\processed\passes_En_Directo_Wolves_1-2_Newcastle_-_Premier_League_2024_2025.gpickle
En Directo Wolves 2-0 Aston Villa - Premier League 2024_2025.csv,31,247,100.0,100.0,16.46,14.58,34.4,431283->402810 w=11 p=0.91; 301440->331790 w=11 p=1.00; 400815->301440 w=11 p=1.00,data\processed\passes_En_Directo_Wolves_2-0_Aston_Villa_-_Premier_League_2024_2025.gpickle
En Directo Wolves 2-0 Manchester United - Premier League 2024_2025.csv,31,249,100.0,100.0,17.87,15.24,40.76,444241->94042 w=15 p=0.93; 94042->444241 w=11 p=0.91; 247995->362758 w=11 p=0.64,data\processed\passes_En_Directo_Wolves_2-0_Manchester_United_-_Premier_League_2024_2025.gpickle
En Directo Wolves 2-0 Southampton - Premier League 2024_2025.csv,31,258,100.0,100.0,17.15,14.55,39.71,384061->136742 w=24 p=1.00; 136742->384061 w=17 p=1.00; 431283->73063 w=15 p=0.93,data\processed\passes_En_Directo_Wolves_2-0_Southampton_-_Premier_League_2024_2025.gpickle
En Directo Wolves 2-2 Crystal Palace - Premier League 2024_2025.csv,27,250,100.0,100.0,19.34,16.91,40.46,374631->401130 w=14 p=0.93; 304008->374631 w=12 p=0.92; 389579->374631 w=12 p=0.92,data\processed\passes_En_Directo_Wolves_2-2_Crystal_Palace_-_Premier_League_2024_2025.gpickle
En Directo Wolves 2-4 Bournemouth - Premier League 2024_2025.csv,30,276,100.0,100.0,18.61,16.01,39.33,355401->73063 w=14 p=0.86; 128882->344314 w=11 p=0.91; 355401->403693 w=10 p=0.90,data\processed\passes_En_Directo_Wolves_2-4_Bournemouth_-_Premier_League_2024_2025.gpickle
En Directo Wolves 2-6 Chelsea - Premier League 2024_2025.csv,32,276,100.0,100.0,17.48,14.77,39.36,373946->421351 w=10 p=0.90; 431283->122714 w=10 p=0.90; 355401->431283 w=9 p=1.00,data\processed\passes_En_Directo_Wolves_2-6_Chelsea_-_Premier_League_2024_2025.gpickle
En Directo Wolves 3-0 Leicester - Premier League 2024_2025.csv,33,281,100.0,100.0,17.93,16.11,36.21,97710->396317 w=18 p=1.00; 402810->431283 w=14 p=1.00; 396317->97710 w=13 p=0.92,data\processed\passes_En_Directo_Wolves_3-0_Leicester_-_Premier_League_2024_2025.gpickle
En Directo Wolves 4-2 Tottenham - Premier League 2024_2025.csv,31,266,100.0,100.0,17.48,14.08,41.06,103837->362219 w=13 p=1.00; 431283->402810 w=12 p=0.92; 355401->403693 w=11 p=0.91,data\processed\passes_En_Directo_Wolves_4-2_Tottenham_-_Premier_League_2024_2025.gpickle
